product_id,brand,product,category,image
A000000160901,넘버즈인,"[1매] 넘버즈인 1번~5번 마스크팩 5종 중 택 1",마스크팩,https://image.oliveyoung.co.kr/cfimages/cf-goods/uploads/images/thumbnails/400/10/0000/0016/A00000016090135ko.jpg?l=ko
A000000165751,넘버즈인,"[1+1] 넘버즈인 2번 딥클린 생크림 클렌징폼 1+1 기획 (120ml+120ml)",클렌징,https://image.oliveyoung.co.kr/cfimages/cf-goods/uploads/images/thumbnails/400/10/0000/0016/A00000016575109ko.jpg?l=ko
A000000165797,넘버즈인,"[대용량/올영단독] 넘버즈인 1번 말끔 순삭 클렌징 오일 400ml 대용량",클렌징,https://image.oliveyoung.co.kr/cfimages/cf-goods/uploads/images/thumbnails/400/10/0000/0016/A00000016579715ko.jpg?l=ko
A000000166626,넘버즈인,"[1번팩2매추가증정/5매] 넘버즈인 1번~5번 마스크팩 5매 기획 5종 중 택 1",마스크팩,https://image.oliveyoung.co.kr/cfimages/cf-goods/uploads/images/thumbnails/400/10/0000/0016/A00000016662664ko.jpg?l=ko
A000000169266,넘버즈인,"[주름탄력] 넘버즈인 4번 탱글푸딩 콜라겐 73% 세럼 50ml",스킨케어,https://image.oliveyoung.co.kr/cfimages/cf-goods/uploads/images/thumbnails/550/10/0000/0016/A00000016926607ko.jpg?l=ko
A000000169267,넘버즈인,"[진정미백] 넘버즈인 5번 잡티 이별 세럼 50ml",스킨케어,https://image.oliveyoung.co.kr/cfimages/cf-goods/uploads/images/thumbnails/400/10/0000/0016/A00000016926708ko.jpg?l=ko
A000000173533,넘버즈인,"넘버즈인 1번 말끔 순삭 클렌징오일 300ml 기획 (+2번 클렌징폼 120ml 증정)",클렌징,https://image.oliveyoung.co.kr/cfimages/cf-goods/uploads/images/thumbnails/400/10/0000/0017/A00000017353318ko.jpg?l=ko
A000000173589,넘버즈인,"[모공개선/탄력광채] 넘버즈인 3번 결광가득 에센스 토너 300ml 대용량 기획",스킨케어,https://image.oliveyoung.co.kr/cfimages/cf-goods/uploads/images/thumbnails/400/10/0000/0017/A00000017358916ko.jpg?l=ko
A000000174436,넘버즈인,"[보습장벽] 넘버즈인 2번 시카마이드 장벽 딥페어크림 60ml",스킨케어,https://image.oliveyoung.co.kr/cfimages/cf-goods/uploads/images/thumbnails/400/10/0000/0017/A00000017443601ko.jpg?l=ko
A000000174506,넘버즈인,"[화잘먹] 넘버즈인 3번 결케어 벨벳 뷰티크림 60ml",스킨케어,https://image.oliveyoung.co.kr/cfimages/cf-goods/uploads/images/thumbnails/400/10/0000/0017/A00000017450605ko.jpg?l=ko
A000000174507,넘버즈인,"[영양탄력] 넘버즈인 4번 찰기탱탱 영양코팅 크림 60ml",스킨케어,https://image.oliveyoung.co.kr/cfimages/cf-goods/uploads/images/thumbnails/550/10/0000/0017/A00000017450705ko.jpg?l=ko
A000000177757,넘버즈인,"[수딩진정] 넘버즈인 1번 진정 맑게담은 청초토너 300ml 기획 (+1번 패드 10매 증정)",스킨케어,https://image.oliveyoung.co.kr/cfimages/cf-goods/uploads/images/thumbnails/400/10/0000/0017/A00000017775724ko.jpg?l=ko
A000000177758,넘버즈인,"[추가증정] 넘버즈인 토너패드 증정 기획 중 택 1(1번, 5번)",마스크팩,https://image.oliveyoung.co.kr/cfimages/cf-goods/uploads/images/thumbnails/400/10/0000/0017/A00000017775860ko.png?l=ko
A000000178137,넘버즈인,"[파데프리]넘버즈인 3번 도자기결 파데스킵 톤업베이지 50ml (SPF50+ PA++++)",선케어,https://image.oliveyoung.co.kr/cfimages/cf-goods/uploads/images/thumbnails/400/10/0000/0017/A00000017813715ko.jpg?l=ko
A000000181098,넘버즈인,"[피부결] 넘버즈인 3번 녹차숯 모공말끔 클렌징팩밤 85g",클렌징,https://image.oliveyoung.co.kr/cfimages/cf-goods/uploads/images/thumbnails/400/10/0000/0018/A00000018109806ko.jpg?l=ko
A000000182627,넘버즈인,"[모공/결개선] 넘버즈인 3번 보들보들 결 세럼 80ml 기획(+3번 결 세럼팩)",스킨케어,https://image.oliveyoung.co.kr/cfimages/cf-goods/uploads/images/thumbnails/400/10/0000/0018/A00000018262712ko.jpg?l=ko
A000000182630,넘버즈인,"[1번패드추가증정/대용량140매] 넘버즈인 토너패드 리필 기획 (1번, 5번)",마스크팩,https://image.oliveyoung.co.kr/cfimages/cf-goods/uploads/images/thumbnails/400/10/0000/0018/A00000018263061ko.jpg?l=ko
A000000184064,넘버즈인,"[흔적미백] 넘버즈인 5번 글루타치온C 흔적 앰플 30ml 기획(+패드 6매 증정)",스킨케어,https://image.oliveyoung.co.kr/cfimages/cf-goods/uploads/images/thumbnails/400/10/0000/0018/A00000018406424ko.jpg?l=ko
A000000184293,넘버즈인,"[흔적미백] 넘버즈인 5번 글루타치온C 흔적 필름패드 70매 기획(+6매 추가 증정)",마스크팩,https://image.oliveyoung.co.kr/cfimages/cf-goods/uploads/images/thumbnails/550/10/0000/0018/A00000018429313ko.jpg?l=ko
A000000184352,넘버즈인,"넘버즈인 1번 청초 진정맑은 물막선크림 듀오 기획 (SPF50+PA++++)",선케어,https://image.oliveyoung.co.kr/cfimages/cf-goods/uploads/images/thumbnails/400/10/0000/0018/A00000018435225ko.jpg?l=ko
A000000184353,넘버즈인,"[파데프리/1+1기획] 넘버즈인 3번 도자기결 파데스킵 톤업베이지 35ml 1+1 기획",선케어,https://image.oliveyoung.co.kr/cfimages/cf-goods/uploads/images/thumbnails/400/10/0000/0018/A00000018435317ko.jpg?l=ko
A000000185572,넘버즈인,"넘버즈인 1번 시카 갈아만든 초록패드 70매 리필기획 (+70매 리필)",마스크팩,https://image.oliveyoung.co.kr/cfimages/cf-goods/uploads/images/thumbnails/550/10/0000/0018/A00000018557215ko.jpg?l=ko
A000000185961,넘버즈인,"[수분광채] 넘버즈인 6번 푹잠 마스크팩 세럼 80ml 기획(+4번 SOS 얼음장팩)",스킨케어,https://image.oliveyoung.co.kr/cfimages/cf-goods/uploads/images/thumbnails/400/10/0000/0018/A00000018596110ko.png?l=ko
A000000187674,넘버즈인,"[쿨링진정] 넘버즈인 1번 청초 진정맑은 물막선크림 50ml (SPF50+ PA++++)",선케어,https://image.oliveyoung.co.kr/cfimages/cf-goods/uploads/images/thumbnails/400/10/0000/0018/A00000018767421ko.jpg?l=ko
A000000188223,넘버즈인,"[파데프리] 넘버즈인 3번 도자기결 고이빚은 세라믹쿠션 SPF50+ PA++++",선케어,https://image.oliveyoung.co.kr/cfimages/cf-goods/uploads/images/thumbnails/550/10/0000/0018/A00000018822307ko.jpg?l=ko
A000000189837,넘버즈인,"[흔적미백] 넘버즈인 5번 글루타치온C 흔적 앰플 30ml+30ml 듀오기획",스킨케어,https://image.oliveyoung.co.kr/cfimages/cf-goods/uploads/images/thumbnails/400/10/0000/0018/A00000018983723ko.jpg?l=ko
A000000190321,넘버즈인,"[흔적미백] 넘버즈인 5번 글루타치온C 흔적 필름패드 70매 (+70매 리필기획)",마스크팩,https://image.oliveyoung.co.kr/cfimages/cf-goods/uploads/images/thumbnails/550/10/0000/0019/A00000019032123ko.jpg?l=ko
A000000190395,넘버즈인,"[쿨링진정]넘버즈인 1번 진정 맑게담은 청초토너 300ml 리필기획(+300ml 증정)",스킨케어,https://image.oliveyoung.co.kr/cfimages/cf-goods/uploads/images/thumbnails/400/10/0000/0019/A00000019039519ko.jpg?l=ko
A000000191246,넘버즈인,"[탄력광채] 넘버즈인 3번 결광가득 에센스 토너 200ml 기획 (+50ml 증정)",스킨케어,https://image.oliveyoung.co.kr/cfimages/cf-goods/uploads/images/thumbnails/550/10/0000/0019/A00000019124607ko.jpg?l=ko
A000000191773,넘버즈인,"[각질7층보습] 넘버즈인 4번 메이크업 찰떡 미네랄 토너 200ml 기획 (+50ml 증정)",스킨케어,https://image.oliveyoung.co.kr/cfimages/cf-goods/uploads/images/thumbnails/400/10/0000/0019/A00000019177302ko.jpg?l=ko
A000000191774,넘버즈인,"[모공+피부결] 넘버즈인 3번 보들보들 결 세럼 50ml 기획 (+15ml 증정)",스킨케어,https://image.oliveyoung.co.kr/cfimages/cf-goods/uploads/images/thumbnails/550/10/0000/0019/A00000019177408ko.jpg?l=ko
A000000191775,넘버즈인,"[수분광채] 넘버즈인 6번 푹잠 마스크팩 세럼 50ml 기획 (+15ml 증정)",스킨케어,https://image.oliveyoung.co.kr/cfimages/cf-goods/uploads/images/thumbnails/550/10/0000/0019/A00000019177509ko.png?l=ko
A000000192296,넘버즈인,"[11월 올영픽/흔적미백] 넘버즈인 5번 비타민C 뿌려만든 글루타치온 필름팩 4매 (+1매 증정기획)",마스크팩,https://image.oliveyoung.co.kr/cfimages/cf-goods/uploads/images/thumbnails/550/10/0000/0019/A00000019229607ko.jpg?l=ko
A000000200039,넘버즈인,"[흔적미백] 넘버즈인 5번 글루타치온씨 비타수액 에센셜 토너 200ml",스킨케어,https://image.oliveyoung.co.kr/cfimages/cf-goods/uploads/images/thumbnails/400/10/0000/0020/A00000020003916ko.jpg?l=ko
A000000200480,넘버즈인,"[수딩진정] 넘버즈인 1번 판토텐산 액티브 수딩크림 80ml 기획 (+패드 6매)",스킨케어,https://image.oliveyoung.co.kr/cfimages/cf-goods/uploads/images/thumbnails/400/10/0000/0020/A00000020048030ko.jpg?l=ko
A000000204306,넘버즈인,"[수딩진정] 넘버즈인 1번 판토텐산 액티브업 수딩세럼 50ml",스킨케어,https://image.oliveyoung.co.kr/cfimages/cf-goods/uploads/images/thumbnails/400/10/0000/0020/A00000020430621ko.jpg?l=ko
A000000205979,넘버즈인,"[10매] 넘버즈인 1번~5번 마스크팩 10매 기획 5종 중 택 1",마스크팩,https://image.oliveyoung.co.kr/cfimages/cf-goods/uploads/images/thumbnails/400/10/0000/0020/A00000020597931ko.jpg?l=ko
A000000206053,넘버즈인,"[수딩진정]넘버즈인 1번 판토텐산 액티브 수딩크림 80ml+80ml 더블 기획",스킨케어,https://image.oliveyoung.co.kr/cfimages/cf-goods/uploads/images/thumbnails/550/10/0000/0020/A00000020605304ko.jpg?l=ko
A000000206850,넘버즈인,"[총12매] 넘버즈인 4번 SOS 응급진정 얼음장팩 10매 (+2매 증정기획)",마스크팩,https://image.oliveyoung.co.kr/cfimages/cf-goods/uploads/images/thumbnails/550/10/0000/0020/A00000020685001ko.jpg?l=ko
A000000207077,넘버즈인,"[1+1] 넘버즈인 3번 쌀누룩 효소사우나 고마쥬폼 더블 기획 (170ml+170ml) ",클렌징,https://image.oliveyoung.co.kr/cfimages/cf-goods/uploads/images/thumbnails/400/10/0000/0020/A00000020707702ko.jpg?l=ko
A000000207225,넘버즈인,"[수분진정] 넘버즈인 1번 판토텐산 액티브업 수딩세럼 50ml 리필기획 (50ml+50ml)",스킨케어,https://image.oliveyoung.co.kr/cfimages/cf-goods/uploads/images/thumbnails/400/10/0000/0020/A00000020722530ko.jpg?l=ko
A000000207229,넘버즈인,"[모공+결개선] 넘버즈인 3번 보들보들 결 세럼 50ml 리필기획 (50ml+50ml)",스킨케어,https://image.oliveyoung.co.kr/cfimages/cf-goods/uploads/images/thumbnails/400/10/0000/0020/A00000020722909ko.jpg?l=ko
A000000207232,넘버즈인,"[트러블흔적] 넘버즈인 1번 판토텐산 액티브업 드레싱 파우더",스킨케어,https://image.oliveyoung.co.kr/cfimages/cf-goods/uploads/images/thumbnails/400/10/0000/0020/A00000020723220ko.jpg?l=ko
A000000209751,넘버즈인,"넘버즈인 3번 쌀누룩 효소사우나 고마쥬폼 170ml",클렌징,https://image.oliveyoung.co.kr/cfimages/cf-goods/uploads/images/thumbnails/400/10/0000/0020/A00000020975106ko.jpg?l=ko
A000000210539,넘버즈인,"[단독기획] 넘버즈인 5번 글루타치온씨 아로마 마사징 딥클렌저 200ml 기획 (+마사지봉)",클렌징,https://image.oliveyoung.co.kr/cfimages/cf-goods/uploads/images/thumbnails/400/10/0000/0021/A00000021053908ko.jpg?l=ko
A000000210600,넘버즈인,"넘버즈인 5번 글루타치온씨 흔적 토닝 레이저 크림 50ml",스킨케어,https://image.oliveyoung.co.kr/cfimages/cf-goods/uploads/images/thumbnails/400/10/0000/0021/A00000021060013ko.jpg?l=ko
A000000211007,넘버즈인,"[5번팩증정] 넘버즈인 5번 글루타치온씨 흔적 앰플 30ml 더블 기획 (+5번 마스크팩 1매)",스킨케어,https://image.oliveyoung.co.kr/cfimages/cf-goods/uploads/images/thumbnails/400/10/0000/0021/A00000021100704ko.jpg?l=ko
A000000211115,넘버즈인,"[올영단독/대용량] 넘버즈인 5번 글루타치온씨 아로마 마사징 딥클렌저 300ml 대용량",클렌징,https://image.oliveyoung.co.kr/cfimages/cf-goods/uploads/images/thumbnails/400/10/0000/0021/A00000021111509ko.jpg?l=ko
A000000211164,넘버즈인,"[흔적미백] 넘버즈인 5번 글루타치온씨 비타수액 에센셜 토너 200ml 리필 기획(+200ml 리필)",스킨케어,https://image.oliveyoung.co.kr/cfimages/cf-goods/uploads/images/thumbnails/400/10/0000/0021/A00000021116419ko.jpg?l=ko
A000000211208,넘버즈인,"[총12매] 넘버즈인 5번 글루타치온씨 흔적 필름팩 10매 (+2매 증정기획)",마스크팩,https://image.oliveyoung.co.kr/cfimages/cf-goods/uploads/images/thumbnails/550/10/0000/0021/A00000021120811ko.jpg?l=ko
A000000214172,넘버즈인,"[2024 어워즈/크림+패드 증정] 넘버즈인 5번 글루타치온씨 흔적 앰플 30ml 더블 어워즈 한정기획",스킨케어,https://image.oliveyoung.co.kr/cfimages/cf-goods/uploads/images/thumbnails/550/10/0000/0021/A00000021417204ko.jpg?l=ko
A000000214252,넘버즈인,"[탄력&광채] 넘버즈인 9번 NMN BIO 리프팅 원액 에센스 50ml",스킨케어,https://image.oliveyoung.co.kr/cfimages/cf-goods/uploads/images/thumbnails/400/10/0000/0021/A00000021425210ko.jpg?l=ko
A000000214982,넘버즈인,"[탄력&붓기] 넘버즈인 9번 NMN BIO 리프팅 풀페이스팩 1매",마스크팩,https://image.oliveyoung.co.kr/cfimages/cf-goods/uploads/images/thumbnails/400/10/0000/0021/A00000021498207ko.jpg?l=ko
A000000214987,넘버즈인,"[탄력붓기] 넘버즈인 9번 NMN BIO 리프팅 풀페이스팩 4매(+땡김이원단 증정기획)",마스크팩,https://image.oliveyoung.co.kr/cfimages/cf-goods/uploads/images/thumbnails/400/10/0000/0021/A00000021498716ko.jpg?l=ko
A000000216509,넘버즈인,"[대용량+추가증정] 넘버즈인 1번 판토텐산 액티브 수딩크림 130ml 기획 (+ 크림 15ml)",스킨케어,https://image.oliveyoung.co.kr/cfimages/cf-goods/uploads/images/thumbnails/400/10/0000/0021/A00000021650907ko.jpg?l=ko
A000000216511,넘버즈인,"[대용량+크림증정] 넘버즈인 1번 판토텐산 수딩세럼 80ml 기획 (+크림 15ml)",스킨케어,https://image.oliveyoung.co.kr/cfimages/cf-goods/uploads/images/thumbnails/400/10/0000/0021/A00000021651115ko.jpg?l=ko
A000000221652,넘버즈인,"[수분진정] 넘버즈인 1번 히알루로닉 판토텐산 클리어 수딩 거즈팩 1매",마스크팩,https://image.oliveyoung.co.kr/cfimages/cf-goods/uploads/images/thumbnails/550/10/0000/0022/A00000022165208ko.jpg?l=ko
A000000221653,넘버즈인,"[5+2매 파격한정기획] 넘버즈인 1번 히알루로닉 판토텐산 클리어 수딩 거즈팩 5+2매 기획",마스크팩,https://image.oliveyoung.co.kr/cfimages/cf-goods/uploads/images/thumbnails/400/10/0000/0022/A00000022165313ko.jpg?l=ko
A000000221654,넘버즈인,"[수분진정] 넘버즈인 1번 히알루로닉 판토텐산 클리어 수딩 거즈팩 10매",마스크팩,https://image.oliveyoung.co.kr/cfimages/cf-goods/uploads/images/thumbnails/550/10/0000/0022/A00000022165410ko.jpg?l=ko
A000000223372,넘버즈인,"[10ml추가증정] 넘버즈인 5번 글루타치온씨 흔적 앰플 30ml 기획 (+1ml*10개)",스킨케어,https://image.oliveyoung.co.kr/cfimages/cf-goods/uploads/images/thumbnails/550/10/0000/0022/A00000022337207ko.jpg?l=ko
A000000223373,넘버즈인,"[팩증정] 넘버즈인 9번 엔엠엔 바이오 리프팅 원액에센스 50ml 기획 (+풀페이스팩 1매+땡김이원단)",스킨케어,https://image.oliveyoung.co.kr/cfimages/cf-goods/uploads/images/thumbnails/400/10/0000/0022/A00000022337309ko.jpg?l=ko
A000000227239,넘버즈인,"넘버즈인 2번 로즈 PDRN 콜라겐 플럼핑 세럼 소용량 듀오 10ml (마일드 1ml*5개+인텐시브 1ml*5개)",스킨케어,https://image.oliveyoung.co.kr/cfimages/cf-goods/uploads/images/thumbnails/400/10/0000/0022/A00000022723910ko.jpg?l=ko
A000000227241,넘버즈인,"[10ml 소용량] 넘버즈인 3번 블루 바이오 레티놀 모공 리모델링 앰플 소용량 10ml (1ml*10개)",스킨케어,https://image.oliveyoung.co.kr/cfimages/cf-goods/uploads/images/thumbnails/400/10/0000/0022/A00000022724114ko.jpg?l=ko
A000000227244,넘버즈인,"[10ml 소용량] 넘버즈인 4번 세라 필 깐달걀 세럼 소용량 10ml (1ml*10개)",NULL,https://image.oliveyoung.co.kr/cfimages/cf-goods/uploads/images/thumbnails/10/0000/0022/A00000022724410ko.jpg?l=ko
A000000227458,넘버즈인,"[NEW] 넘버즈인 2번 로즈 PDRN 콜라겐 플럼핑 세럼 30ml",스킨케어,https://image.oliveyoung.co.kr/cfimages/cf-goods/uploads/images/thumbnails/400/10/0000/0022/A00000022745807ko.jpg?l=ko
A000000227466,넘버즈인,"[NEW] 넘버즈인 3번 블루 바이오 레티놀 모공 앰플 30ml",스킨케어,https://image.oliveyoung.co.kr/cfimages/cf-goods/uploads/images/thumbnails/550/10/0000/0022/A00000022746606ko.jpg?l=ko
A000000228221,넘버즈인,"넘버즈인 2번 로즈 PDRN 콜라겐 랩핑 오버나잇 필름팩 1매",마스크팩,https://image.oliveyoung.co.kr/cfimages/cf-goods/uploads/images/thumbnails/400/10/0000/0022/A00000022822102ko.jpg?l=ko
A000000228222,넘버즈인,"넘버즈인 2번 로즈 PDRN 콜라겐 랩핑 오버나잇 필름팩 4매",마스크팩,https://image.oliveyoung.co.kr/cfimages/cf-goods/uploads/images/thumbnails/400/10/0000/0022/A00000022822202ko.jpg?l=ko
A000000228394,넘버즈인,"[퍼프 증정] 넘버즈인 1번 판토텐산 스킨케어100 블러파우더 기획 (+퍼프 1개)",스킨케어,https://image.oliveyoung.co.kr/cfimages/cf-goods/uploads/images/thumbnails/550/10/0000/0022/A00000022839402ko.jpg?l=ko
A000000228821,넘버즈인,"넘버즈인 1번 청초 진정맑은 물막선크림 50ml 듀오 기획",선케어,https://image.oliveyoung.co.kr/cfimages/cf-goods/uploads/images/thumbnails/550/10/0000/0022/A00000022882103ko.jpg?l=ko
A000000228841,넘버즈인,"넘버즈인 1번 히알루로닉 판토텐산 클리어 수딩 거즈팩 4매 기획 (+1매) (태닝 포차코)",마스크팩,https://image.oliveyoung.co.kr/cfimages/cf-goods/uploads/images/thumbnails/550/10/0000/0022/A00000022884104ko.jpg?l=ko
A000000228845,넘버즈인,"넘버즈인 1번 시카 갈아만든 초록패드 70매 기획 (+70매 리필) (태닝 포차코)",마스크팩,https://image.oliveyoung.co.kr/cfimages/cf-goods/uploads/images/thumbnails/550/10/0000/0022/A00000022884503ko.jpg?l=ko
A000000229149,넘버즈인,"[7월 올영픽] 넘버즈인 1번 판토텐산 스킨케어100 블러파우더 7g (태닝 포차코)",스킨케어,https://image.oliveyoung.co.kr/cfimages/cf-goods/uploads/images/thumbnails/550/10/0000/0022/A00000022914903ko.jpg?l=ko
A000000229151,넘버즈인,"[수분진정][올영단독]넘버즈인 1번 판토텐산 액티브 수딩크림 80ml 1+1 기획",스킨케어,https://image.oliveyoung.co.kr/cfimages/cf-goods/uploads/images/thumbnails/400/10/0000/0022/A00000022915119ko.jpg?l=ko
A000000229152,넘버즈인,"넘버즈인 1번 판토텐산 액티브업 수딩세럼 50ml 리필 기획 ",스킨케어,https://image.oliveyoung.co.kr/cfimages/cf-goods/uploads/images/thumbnails/550/10/0000/0022/A00000022915203ko.jpg?l=ko
A000000230934,넘버즈인,"넘버즈인 2번 로즈 PDRN 콜라겐 플럼핑 세럼 투엑스 30ml",스킨케어,https://image.oliveyoung.co.kr/cfimages/cf-goods/uploads/images/thumbnails/400/10/0000/0023/A00000023093412ko.jpg?l=ko
A000000231523,넘버즈인,"넘버즈인 마스크팩 20매 한정기획(1번 수딩 거즈팩, 3번 결세럼팩)",마스크팩,https://image.oliveyoung.co.kr/cfimages/cf-goods/uploads/images/thumbnails/400/10/0000/0023/A00000023152309ko.jpg?l=ko
A000000231822,넘버즈인,"넘버즈인 1번 판토텐산 스킨케어100 블러파우더 기획 (+퍼프 1개)",스킨케어,https://image.oliveyoung.co.kr/cfimages/cf-goods/uploads/images/thumbnails/400/10/0000/0023/A00000023182210ko.jpg?l=ko
A000000245631,넘버즈인,"[망곰 콜라보] 넘버즈인 3번 결광가득 에센스 토너 200ml 리필기획 (+250ml 리필+캐릭터씰)",스킨케어,https://image.oliveyoung.co.kr/cfimages/cf-goods/uploads/images/thumbnails/400/10/0000/0024/A00000024563128ko.png?l=ko
A000000245634,넘버즈인,"[모공/결개선] 넘버즈인 3번 보들보들 결 세럼 기획 2종 중 택1",스킨케어,https://image.oliveyoung.co.kr/cfimages/cf-goods/uploads/images/thumbnails/400/10/0000/0024/A00000024563423ko.png?l=ko
A000000245635,넘버즈인,"[망곰 콜라보] 넘버즈인 3번 참은만큼 보들보들 결세럼팩 10+2매 기획(+망곰 캐릭터씰)",마스크팩,https://image.oliveyoung.co.kr/cfimages/cf-goods/uploads/images/thumbnails/400/10/0000/0024/A00000024563517ko.png?l=ko
A000000245680,넘버즈인,"[망곰 콜라보] 넘버즈인 3번 도자기결 파데스킵 톤업베이지 50ml 기획 (+35ml+스패츌라)",선케어,https://image.oliveyoung.co.kr/cfimages/cf-goods/uploads/images/thumbnails/400/10/0000/0024/A00000024568030ko.png?l=ko
A000000247833,넘버즈인,"[망곰콜라보/파데프리] 넘버즈인 3번 도자기결 파데스킵 톤업베이지 50ml 기획 (+35ml+스패츌라)",NULL,https://image.oliveyoung.co.kr/cfimages/cf-goods/uploads/images/thumbnails/400/10/0000/0024/A00000024783306ko.jpg?l=ko
A000000247943,넘버즈인,"[99특가]넘버즈인 3번 참은만큼 보들보들 결세럼팩 4매 기획 (+1매)",마스크팩,https://image.oliveyoung.co.kr/cfimages/cf-goods/uploads/images/thumbnails/400/10/0000/0024/A00000024794309ko.png?l=ko
A000000248373,넘버즈인,"[팩증정한정기획] 넘버즈인 5번 글루타치온C 흔적 앰플 30ml 기획(+팩 1매+패드 4매)",스킨케어,https://image.oliveyoung.co.kr/cfimages/cf-goods/uploads/images/thumbnails/400/10/0000/0024/A00000024837302ko.jpg?l=ko
A000000250711,넘버즈인,"[4월올영픽/화잘먹] 넘버즈인 3번 보들보들 퍼스트 결부스팅 토너 200ml 기획 (+50ml)",스킨케어,https://image.oliveyoung.co.kr/cfimages/cf-goods/uploads/images/thumbnails/400/10/0000/0025/A00000025071117ko.jpg?l=ko
A000000250767,넘버즈인,"[4월올영픽/파데프리] 넘버즈인 3번 도자기결 톤업베이지 선크림 50ml 기획 2종 (블러/글로우)",선케어,https://image.oliveyoung.co.kr/cfimages/cf-goods/uploads/images/thumbnails/400/10/0000/0025/A00000025076724ko.jpg?l=ko
A000000250772,넘버즈인,"[4월올영픽/화잘먹] 넘버즈인 3번 모공제로 화잘먹 패드 70매 기획 (+패드 6매+마스크팩 1매)",마스크팩,https://image.oliveyoung.co.kr/cfimages/cf-goods/uploads/images/thumbnails/400/10/0000/0025/A00000025077217ko.jpg?l=ko
A000000250773,넘버즈인,"[4월올영픽/화잘먹] 넘버즈인 3번 보들보들 모공결 세럼 30ml 더블 기획",스킨케어,https://image.oliveyoung.co.kr/cfimages/cf-goods/uploads/images/thumbnails/400/10/0000/0025/A00000025077316ko.jpg?l=ko
A000000250978,넘버즈인,"[4월올영픽/화잘먹] 넘버즈인 3번 참은만큼 보들보들 결세럼팩 10매 기획 (+2매) ",마스크팩,https://image.oliveyoung.co.kr/cfimages/cf-goods/uploads/images/thumbnails/400/10/0000/0025/A00000025097818ko.jpg?l=ko
A000000250980,넘버즈인,"[4월올영픽/세럼클렌저] 넘버즈인 3번 보들보들 모공결 클렌징 오일 200ml",클렌징,https://image.oliveyoung.co.kr/cfimages/cf-goods/uploads/images/thumbnails/400/10/0000/0025/A00000025098024ko.jpg?l=ko
