메디큐브 - Medicube	메디큐브	4002	1067
포맨트-FORMENT	포맨트	42056	409
셀리맥스 (Celimax)	셀리맥스	32	312
Abib cosmetic	아비브	321	282
바이오던스 Biodance	바이오던스	35227	261
브랜든 - Branden	브랜든	49771	258
Dear Dahlia - 디어달리아	디얼	164294	239
S.nature 에스네이처	에스네이처	65209	221
APRILSKIN 에이프릴스킨	에이프릴스킨	66953	203
Mediheal 메디힐	메디힐	107	191
컴포트랩 Comfort Lab	컴포트랩	3966	182
CNP Cosmetics	차앤박	3705	180
넘버즈인 numbuzin	넘버즈인	3766	170
바닐라코(BANILA CO)	바닐라코	314	167
리터니티 returnity	리터니티	103478	161
Klavuu 클라뷰	클라뷰	631	161
Temu Japan	테무	20397	140
헤리터 - Heriter	헤리터	73	116
OBGE - 오브제	오브제	53440	105
잠재된 아름다움, 크라시앙	크라시앙	31162	102
톰 - Thome	톰	131379	99
FULLY 풀리	풀리	146258	94
여신티켓 : 피부과 시술 정보&후기 검색	여신티켓	115557	87
ARENCIA 아렌시아	아렌시아	74274	83
아키클래식 Akiii classic	아키클래식	4026	77
IOPE 아이오페	아이오페	3384	76
La vikit 라비킷	라비킷	20716	75
AGE 20'S 에이지투웨니스	에이지투웨니스	497	69
Marun5 마른파이브	마른파이브	795	69
No.1 단기임대 앱 33m2-삼삼엠투	삼삼엠투	32968	66
피지오겔 Physiogel Korea	피지오겔	3341	65
펫프렌즈 - 반려동물 1등 쇼핑몰	펫프렌즈	165166	63
에르고바디 ergobody	에르고바디	85286	63
AI Catch: AI Video&Photo APP	캐치	99234	61
파넬 Parnell	파넬	4112	61
Celladix 셀라딕스	셀라딕스	31090	60
COSRX 코스알엑스	코스알엑스	3383	59
Menokin 메노킨	메노킨	156400	57
NDP 엔디피	내추럴더마프로젝트	69832	55
Meal It - 밀잇	밀잇	153083	53
구달 goodal	구달	104	53
더마토리 Dermatory	더마토리	271	52
스킨천사 SKIN1004 Korea	스킨1004	66565	51
한율(Hanyul)	한율	3357	51
Bifigen.official.page	비피젠	109849	51
닥터포헤어 - 두피관리의 정석	닥터포헤어	115	50
수면공감-Sleep_gonggam	수면공감	81436	50
스카이라이프 - SkyLife	스카이라이프	85173	49
오즈키즈 OZKIZ	오즈키즈	154492	48
히든 hedn	히든	148615	44
Fruwe.asia	프루웨	155489	44
퓌 fwee	퓌	328	43
렌시스 lenssis	렌시스	3808	43
오아드 Oiad	오아드	91884	42
페리페라 Peripera	페리페라	239	40
히디프 hidiff	히디프	165351	40
millimilli.us	밀리밀리	165116	40
Verish 베리시	베리시	4109	40
닥터바이오 코스메틱	닥터바이오	142969	38
CosmeChef 화장품을 요리하다	코스메쉐프	32936	35
1957 태극제약 도미나스	도미나스	160434	35
Ownist 오니스트	오니스트	3141	35
ilso 일소	일소	3358	34
믹순 mixsoon	믹순	4537	34
soda.app	소다	229	34
AMOREPACIFIC MALL - 아모레퍼시픽몰	아모레퍼시픽	125	33
리필드-Refilled	리필드	129567	33
익스트림 Extreme	익스트림	20268	33
클린디 - CleanD	클린디	165281	33
Torhop ad	토르홉	153137	32
럭스나인 Luxnine	럭스나인	4306	32
더페이스샵 - The Face Shop	더페이스샵	110638	32
Bamkel_	밤켈	53871	31
아이디어스, idus	아이디어스	3940	29
Blaupunkt-life-kr	블라우풍트	165254	29
디스커버리 익스페디션 Discovery Expedition	디스커버리	3876	29
메디큐브 에이지알	메디큐브	4002	28
DPPR I 디퍼	디퍼	164301	28
Talk to Her-톡투허	톡투허	153586	28
They.il	데이(THEY)	105248	27
로더렛 L'odeurlette	로더렛	148297	27
꿈비- ggumbi	꿈비	117385	26
어바웃펫 AboutPet	어바웃펫	37250	26
romand 롬앤	롬앤	4302	26
퀵슬립 - Quicksleep	퀵슬립	57	26
Tiptoe.life.	팁토우	85914	26
Chasin' Rabbits - 체이싱래빗	체이싱래빗	4334	25
메디온 medion	메디온	166155	25
LG유플러스 (LG Uplus)	LG유플러스	784	24
AI Catch Video App	캐치	99234	23
오랄비 Oral-B Korea	오랄비	3218	22
풀리오 Pulio-days	풀리오	83405	22
Makeon 메이크온	메이크온	146229	22
Atflee - 앳플리	앳플리	46161	21
Voar - 보아르	보아르	85893	21
센텔리안24 마데카 프라임	센텔리안24	62003	21
Klairs 클레어스	디어클레어스	31154	20
클래스101 - CLASS101	클래스101	36229	20
힐링버드 HealingBird	힐링버드	108	20
리카리카 - likalika	리카리카	171937	20
필라이즈 - 초개인화 토탈 건강 관리 앱	필라이즈	33199	20
Lyanature co. 리아네이처	리아네이처	154861	20
마미케어 H	마미케어	129063	20
Whiff 위프	위프	159288	19
헤라(HERA)	헤라	4028	19
락앤락-LocknLock	락앤락	3905	19
MAKEHEAL 메이크힐	메이크힐	115810	19
식단이 쉬워진다. 랭킹닭컴	랭킹닭컴	3102	19
Codescombineinnerwear - 코데즈컴바인이너웨어	코데즈컴바인이너웨어	107038	19
아임미미 I'M MEME	아임미미	3792	19
니아르 NE:AR	니아르	147424	18
Philips Home Living - 필립스 홈리빙	필립스	4061	18
LUNA 루나 코스메틱	루나	151	17
iHerb.com Korean	아이허브	148	17
크몽 전자책 VOD	크몽	32904	16
청연-청소연구소,청연케어	청소연구소	131578	16
Overthe.co.kr	오버더	66379	16
AI Catch: AI Photo&Video Tool	캐치	99234	16
정관장 삼삶스토리	정관장	559	16
캉골 키즈 코리아 (Kangol Kids Korea)	캉골	20051	16
LAGOM 라곰	라곰	153660	16
주미소 jumiso	주미소	110665	16
라쿠텐 트래블 - Rakuten Travel	트래블	152647	15
라로슈포제 La Roche-Posay	라로슈포제	3714	15
단색 Dansaek	단색	82908	15
동국제약 토탈헬스케어	동국제약	3833	15
lululemon Seoul	룰루레몬	64519	15
링글 틴즈 1:1 화상영어	링글	33041	15
클리오 CLIO	클리오	84	15
플로랑 - 프리미엄 섬유 향수	플로랑	85867	14
NOL 티켓	야놀자	234	14
NOL 인터파크투어	야놀자	234	14
다우니 - Downy Korea 	다우니	199	14
러븀 Luvum	러븀	4520	13
Coolean 쿨린	쿨린	61030	13
Marhen.j - 마르헨제이	마르헨제이	3796	13
아모레퍼시픽 Amorepacific	아모레퍼시픽	125	13
BY LAB 바이랩	바이랩	159292	13
레디블룸 readybloom	레디블룸	152197	13
밀리옹 Milliong Seoul	서울시	414	13
비브비브-vivevive	비브비브	90253	13
춘몽-ChunMong	춘몽	146446	13
어반사이드 urbanside	어반사이드	316	13
동성제약 Dongsung-Pharm	동성제약	155288	12
아이디얼포맨 ideal for men	아이디얼포맨	3188	12
Kindoh - 킨도	킨도	110625	12
AHC 에이에이치씨	AHC	254	12
말하는 공룡친구 카티	카티	66395	12
그로서리서울 Grocery Seoul	그로서리서울	163737	12
이옴 - EIOM	이옴	164317	12
릴리바이레드 lilybyred	릴리바이레드	836	11
Brandless - 브랜드리스	브랜드리스	27261	11
유팡 UPANG	유팡	165169	11
디마프 레지나	디마프	122038	11
미소 Miso	미소	93381	11
코링코 Coringco	코링코	66593	11
히말라야 나드	나드	131585	11
큐원 상쾌환	큐원	257	11
Mumchit - 멈칫	멈칫	40996	10
쿤달 - Kundal	쿤달	694	10
1:1 실시간 화상영어 캠블리	캠블리	110	10
Aero K 에어로케이항공	에어로케이 항공	91833	10
아이레시피 irecipe	아이레시피	66612	10
취향이 깃든 공간을 만들어 가는 즐거움, 무브먼트랩	깃든	164342	10
브라운 면도기 Braun Korea	브라운	3773	10
eSpoir 에스쁘아	에스쁘아	117	10
벤딕트_vendict	벤딕트	94711	10
VOVA 보바	명성	66268	10
Dorelan - 돌레란	돌레란	165909	9
배리웨이 variway	배리웨이	165931	9
모두닥 건강검진	모두닥	154147	9
UNOVE 어노브	어노브	3215	9
Teo and the 태오앤더	태오앤더	166160	9
NewOrigin 뉴오리진	뉴오리진	53127	9
프랭클리-Frankly	프랭클리	119813	9
유이크 UIQ	유이크	65223	9
SW19 Fragrance	SW19	28601	9
Rucipello/루치펠로	루치펠로	4526	9
토코보 Tocobo	토코보	31134	9
크런틴 CRUNTIN	크런틴	165177	9
더잠 - TZM	더잠	65182	9
중등인강 1위 엠베스트	엠베스트	3921	9
비상교육 온리원	비상교육	4553	9
퍼셀 Purcell	퍼셀	4406	8
천재교과서 밀크T초등	밀크T아이	19049	8
매일유업(Maeil)	매일유업	185	8
모그라미 입으면 효율 200퍼	모그라미	71223	8
피토틱스 Phytotics	피토틱스	97	8
TS샴푸 - TS Shampoo	TS샴푸	33273	8
Golden piece 골든피스	골든피스	155341	8
VINNE 빈느	빈느	152779	8
티타드 TITAD	티타드	34135	8
포토그레이 - Photogray	포토그레이	4078	8
자연식의 올바른 기준, 씽크라이크펫	씽크라이크펫	129914	8
Abib.fragrance	아비브	321	8
오휘(O HUI)	오휘	33265	8
그로우어스 Growus	그로우어스	4344	8
나린플라 narinfla	나린플라	146487	8
ReFa 리파	리파	164841	8
LalaChuu 공식페이지	라라츄	4114	8
바르너 Baruner	바르너	56475	8
닥터딥-Dr.Deep	닥터딥	64658	8
Ring Tap - 링탭	링탭	166184	7
컬러그램 - Colorgram	컬러그램	258	7
노도르 Nodor	노도르	148633	7
테라퓨젠 Terafugen	테라퓨젠	158717	7
무백_moo100	무백	76759	7
VDL Cosmetics	VDL	353	7
에이딕트 a ddct	에이딕트	4370	7
네모닉 nemonic	네모닉	152961	7
danp_official_account	댄프	165477	7
루미르 Lummir	루미르	97071	7
AI Video - AI catch	캐치	99234	7
Losy Kim 로지킴	로지킴	165982	7
음식물처리기 린클	린클	213	7
메이크프렘 makep:rem	메이크프렘	348	7
브리쎄 Brissé	브리쎄	164436	7
다슈_올리브영	다슈	225	7
iloom 일룸	일룸	31123	7
약손명가 헬스케어	약손명가	66036	7
코드잇 스프린트	코드잇	28003	6
포뷰트-텍스처쉐이크	포뷰트	27974	6
닥터지 Dr.G	닥터지	100	6
환테크 플랫폼 스위치원	스위치원	56273	6
끌리젠 Kklizen	끌리젠	166046	6
텐바이텐(www.10x10.co.kr)	텐바이텐	150	6
마이루핏 myroufit	마이루핏	35382	6
엘르 이너웨어	엘르	109980	6
란시노 코리아 Lansinoh korea	란시노	4015	6
AI Catch video	캐치	99234	6
Clabiane 클라비안	클라비안	154293	6
Zigzag.item	지그재그	152970	6
비비안 (VIVIEN)	비비안	152911	6
치킨매니아 창업	치킨매니아	141	6
Bodyluv 바디럽	바디럽	4398	6
누즈 nuse	누즈	85944	6
멀티잇 - Multicampus IT	멀티잇	35942	5
맘스터치 - 버거&치킨	맘스터치	71	5
Grip Bank	그립	864	5
스킨푸드 Skinfood	스킨푸드	75	5
포뷰트-스케일러	포뷰트	27974	5
리큅 L'EQUIP	리큅	97108	5
씨드비 Seedbee	씨드비	35230	5
Ballop-밸롭	밸롭	61662	5
FINV 핀브	핀브	164119	5
비욘드 (BEYOND)	비욘드	65160	5
GEAR BY GASH	가쉬	165308	5
색동서울 Saekdong Seoul	색동서울	168622	5
통영숙수 tongyeongchef	통영숙수	164107	5
루시아이 크리스마스	루시아이	166341	5
듀이셀.Offical	듀이셀	155519	5
오뚜기 라면.ZIP	오뚜기	155	5
칼로 Calo	경남제약	94653	5
리얼베리어 Real Barrier	리얼베리어	461	5
Hei glow	글로우	165180	5
Neoteria planet	네오테리아	165289	5
Candorlov Cosmetics	칸도럽	164295	5
라라스윗 Lalasweet	라라스윗	35406	4
Naming. 네이밍 코스메틱	네이밍	4346	4
LATE - 레이트	레이트	94694	4
Livb 리브비	리브비	165319	4
쟈뎅 - Jardin	쟈뎅	47172	4
코링코 코스메틱	코링코	66593	4
Lifework - 라이프워크	라이프워크	152163	4
아밀리 Amily	아밀리	103197	4
Lilysilk JAPAN	릴리실크	72335	4
오픈갤러리 OPEN GALLERY	오픈갤러리	165255	4
Glow.B Global	글로우	165180	4
킵유어핏 KEEP YOUR FIT 	킵유어핏	165397	4
코랩 드라이샴푸 COLAB Korea	코랩	153497	4
삼성카드(Samsungcard)	삼성카드	56751	4
숨고 - Soomgo	숨고	99102	4
클룹 - CLOOP	클룹	595	4
Wellit.official.page	웰릿	50265	4
kiimuir.us	키뮤어	31147	4
앙또미뇽 Antomignon	앙또미뇽	165127	4
시원스쿨 프랑스어	시원스쿨	28954	4
Edison.baby	에디슨	166276	4
시원스쿨 스페인어	시원스쿨	28954	4
정샘물 뷰티 JSM Beauty	정샘물	78449	4
에스티 로더 코리아 Estee Lauder Korea Market	에스티	146334	4
후아유 Who.A.U	후아유	34122	4
컴포트랩 맨즈 Comfortlab Mens	컴포트랩	3966	4
Beautyoung 뷰티영	뷰티영	69399	4
Klorane France	클로란	78434	4
AMUSE 어뮤즈	어뮤즈	978	4
Wink - Video Enhancing Tool	윙크학습	28273	4
Silky Hug	주택도시보증공사	50301	4
월드비전 World Vision Korea	월드비전	3863	4
요즘 다이어트 트렌드	요즘	85915	4
Renfit 리앤핏	리앤핏	165118	4
포포라보 - Pawpaw LABO	포포라보	165474	4
AI Catch Video APP	캐치	99234	4
앤허니 &honey	앤허니	165272	4
라운테스 - Lountess	라운테스	40980	4
낫포유 NOT4U	낫포유	35231	4
Ayunche 아윤채	아윤채	62141	3
sunnicorn_life	써니콘	34213	3
플라이코지 Plycozy	플라이코지	154482	3
포뷰트-두피타투	포뷰트	27974	3
로맨틱무브 본점 - 홍대점	로맨틱무브	46625	3
Nukhan - 뉴칸	뉴칸	50300	3
비상교육 온리원 키즈	비상교육	4553	3
빌리프(belif)	빌리프	3710	3
에이치덱스 피플	에이치덱스	67	3
Denps - 덴프스	덴프스	61638	3
CARIN 카린	카린	82921	3
폼글 foamgle	폼글	154182	3
번개장터 - Bunjang	번개장터	65156	3
반려공감 닥터바이	닥터바이	35933	3
seonny_snpe	SNPE	146255	3
SPAO 스파오	스파오	4399	3
로그인 포레스트 Login Forest	포레스트	129563	3
atelier.faye.perfume	아뜰리에	103111	3
아이스트 - I.st cosmetics	아이스트	703	3
ESSA - 에싸 소파	에싸소파	52891	3
편안함의 끝판왕 모그라미	모그라미	71223	3
매스티나 mastina	매스티나	3330	3
헌치 HUNCH	헌치	153553	3
히어리-Heeari	히어리	91864	3
아르떼뮤지엄 Arte Museum	아르테	57913	3
모두의요금제, 모요	모요	158554	3
Solutions for Our Climate - 기후솔루션	기후솔루션	4042	3
ADAUL / 어다울	어다울	110567	3
마이클 - 대한민국 1등 차량관리앱	마이클	34148	3
민트영어 - Mint English	민트영어	347	3
집품 - 집에 대한 모든 정보	집품	85885	3
부동산 단기임대 1위, 33m2-삼삼엠투	삼삼엠투	32968	3
AOU 에이오유	에이오유	165965	3
이슬로 Seedbee	씨드비	35230	3
무신사 스탠다드 홈	무신사	17	3
A'pieu 어퓨	어퓨	65214	3
아프리모 Afrimo	아프리모	40997	3
Alavague 아라바그 	아라바그	157300	3
VPROVE - 비프루브	비프루브	118948	3
Citybreeze 시티브리즈	시티브리즈	3707	3
육아상식 아토오겔	아토오겔	115772	3
seamonster_baby	씨몬스터	152962	3
시원스쿨 독일어	시원스쿨	28954	3
BRAYE 브레이	브레이	161730	3
아닐로 - ANILLO	아닐로	154641	3
tmoney_mobility	티머니	3155	2
멜킨스포츠, Melkin Sports	멜킨 스포츠	110588	2
애경산업 aekyung	애경	3887	2
텀스-Tums	텀스	61038	2
팔도 (Paldo)	팔도	50	2
큐원 알룰로스	큐원	257	2
닥터신-건강연구소	닥터신	131097	2
Outin Portable Electric Espresso Machine	Outin	145904	2
샤틴 SATIN	샤틴	50261	2
큐월드 - Qworld	큐월드	164410	2
일리윤 - illiyoon	일리윤	47250	2
1507 Benefit Lounge	베네피트	76761	2
블리블리 VELY VELY	임블리	85941	2
메이크업 아티스트 브러쉬 Studio17	스튜디오17	50291	2
illigo.129	일리고	146211	2
TikTok Lite Korea	틱톡	212	2
AI Catch: AI Video Generator	캐치	99234	2
지우개패드, 셀리맥스	셀리맥스	32	2
URBANDTYPE (어반디타입)	어반디타입	37299	2
푸디버디 FoodyBuddy	푸디버디	97273	2
Grand Josun Busan - 그랜드 조선 부산	부산광역시	152944	2
원티드 wanted	원티드	64526	2
Cuktech Asia 	쿡테크	152149	2
Walt Disney Studios	디즈니	74	2
잇퓨 it:fu	잇퓨	131397	2
오브히 OVHEE	오브히	155276	2
쥬베룩 스킨케어 - Juvelook Skincare	쥬베룩	165284	2
The SAEM 더샘	더샘	31124	2
AI Catch APP : AI Video Generator	캐치	99234	2
FRANZ Skincare	프란츠	159291	2
비오엠 B.O.M	비오엠	153572	2
_flo.rami	플로	3812	2
클라, CLA 페이지	Klarr	165939	2
Aveeno 아비노	아비노코리아	20597	2
레시피박스 - Recipe box	레시피박스	148281	2
Alivelab 얼라이브랩	얼라이브랩	4003	2
Codegraphy I 코드그라피	코드그라피	242	2
글로우 다이어리 - Glow Diary	글로우	165180	2
Tavo Pets	TG타보	129896	2
숲소리-Soopsori	숲소리	165147	2
Nomanual STORE SEOUL	노매뉴얼	4319	2
휴럼 사이언스	휴럼	129889	2
아임비타 I’mvita	종근당	712	2
페이히어 Payhere	페이히어	40411	2
그립 Grip	그립	864	2
Genspark AI	젠스파크	163807	2
쿠팡 꿀템 모음집	쿠팡	87	2
Inertia 이너시아	이너시아	31157	2
AMPLE:N (앰플엔)	코리아나(앰플엔)	3219	2
테일러센츠 taylorscents	테일러센츠	106736	2
퍼플리쉬_Purplish	퍼플리쉬	158740	2
디즈니 코리아 Disney Korea	디즈니	74	2
가히 KAHI	가히	152	2
커스텀어클락-Costumeoclock	씨오리퍼블릭	82900	2
감각적인 라이프스타일, 리브제 Livjet	리브제	152892	2
웰더마 WellDerma	웰더마	162369	2
La:shuim 라쉼	라쉼	166183	2
동국제약 헬스케어 온라인	동국제약	3833	2
은율 Eunyul	은율	151375	2
키디키디 - 취향 육아 플랫폼	키디키디	164329	1
Le Jour - 르주르	르주르	4303	1
썸블라썸 Someblossom	썸블라썸	283	1
요즘 대외활동/공모전의 모든 것, 요즘것들	요즘	85915	1
Espionage N3756	에스피오나지	3381	1
Veryhour 베리아워	베리아워	161886	1
국립부산국악원 Busan National Gugak Center	부산광역시	152944	1
삼성화재 N잡크루	삼성화재	33178	1
Schick.intuition.korea	쉬크	152750	1
BadBlue. 배드블루	배드블루	4358	1
Ansouis house	앙수이	154287	1
아만 허니	에이치엘비	91647	1
쁘띠엘린 공식계정	쁘띠엘린	66279	1
Loop Seoul · 루프 서울	서울시	414	1
RHINOSHIELD 라이노쉴드	라이노쉴드	156698	1
요즘 트렌드	요즘	85915	1
Freshian-프레시안	프레시안	28382	1
_lee_nuyhij	Lee	129741	1
포엘리에 옴므	포엘리에	65163	1
몽제 Mongze	몽제	53713	1
비디비치 (VIDIVICI)	비디비치	29022	1
Barrel 배럴	배럴	32849	1
Branden Taiwan	브랜든	49771	1
지니비 genibee	지니비	150868	1
포뷰트-두피앰플	포뷰트	27974	1
GLAD Hotels & Resorts - 글래드 호텔앤리조트	글래드	92455	1
700여개 카테고리 전문가 찾기, 크몽	크몽	32904	1
대한민국 산림청	산림청	4559	1
세기피앤씨 알리미 김대리	세기피앤씨	145979	1
Glam Up	글램	4006	1
요즘 언니핏	요즘	85915	1
BOSE Doubul	보스	93	1
에너자이저 홈즈	에너자이저	3793	1
퍼블리 PUBLY	퍼블리	115800	1
Mahagrid - 마하그리드	마하그리드	4323	1
로그인 포레스트	포레스트	129563	1
샐러드판다 - Salad Panda	샐러드판다	90214	1
소노호텔앤리조트-Sonohotelsresorts	소노호텔앤리조트	153734	1
테일러팜스 Taylor Farms	테일러팜스	54713	1
크로켓 : 전세계 커넥팅 쇼핑	크로켓	65153	1
아뜰리에 서라운드	아뜰리에	103111	1
케어놀로지 Carenology	케어놀로지	50296	1
Neworigin a2	뉴오리진	53127	1
캐스키드슨 뷰티	캐스키드슨	148634	1
Cavish - 카비시	카비시	155853	1
cake_insider	케이크	220	1
nomia_interior	노미아	164851	1
썬플랜 Son Plan	썬플랜	153473	1
Le Jardin Retrouvé	쟈뎅	47172	1
윙잇, 일상을 편하고 맛있게	윙잇	23	1
LG전자 온라인 입점대행점	LG전자	11	1
TAG EIGHT LLC.	투쿨포스쿨	342	1
Innisfree (이니스프리)	이니스프리	63	1
도노 DONO	도노	143545	1
콰트, 운동의 쉬운 시작	콰트	93513	1
Korea Samsonite	쌤소나이트	33271	1
피캄 P.CALM LAB	피캄	29678	1
FILA Underwear	휠라	693	1
レブロン/Revlon	레브론	33567	1
농심 (Nongshim)	농심	92	1
셀트리온 지피덤	셀트리온	155575	1
Karl&Hans 칼앤한스	칼앤한스	129857	1
코오롱몰 Kolonmall	코오롱몰	56508	1
Lee Bodywear	Lee	129741	1
Glossy Seoul	서울시	414	1
Ashrolen 애쉬로렌	애쉬로렌	54864	1
제니하우스 코스메틱	제니하우스	4405	1
매일의 친구 데이메이트	데이메이트	171896	1
바디럽-Bodyluv	바디럽	4398	1
타입넘버 TYPE No.	타입넘버	3783	1
Snowpeak_outdoor	스노우피크	78432	1
ETUDE 에뛰드	에뛰드	81	1
에잇세컨즈 - 8seconds	에잇세컨즈	3136	1
케어존 - Carezone	케어존	146450	1
LANEIGE 라네즈	라네즈	80	1
ASYOU 환인제약 애즈유	애즈유	165345	1
MERIDA-Seoul	서울시	414	1
기능성 유산균 바이크롬	바이크롬	90568	1
효지 - HYOJI	효지	147738	1
INGA 잉가	잉가	62125	1
Now Speak English Online	스픽	351	1
삼성화재 N잡 크루	삼성화재	33178	1
래피즈 - REPIZ	래피즈	165314	1
하나금융그룹 (Hana Financial Group)	하나금융그룹	41754	1
AI Catch: AI Video APP	캐치	99234	1
Columbia Sportswear	컬럼비아	308	1
인생 속옷 by 바디코	바디코	61042	1
롯데웰푸드 - LOTTE Wellfood	롯데웰푸드	49321	1
Bclose 비클로즈	비클로즈	165988	1
Montbell de foret	몽벨	689	1
Lukt Kindy	룩트	146247	1
바잇미 - Bite me	바잇미	164920	1
다신샵&다이어트신 - 다이어트 맛있게 관리하자	다신샵	14717	1
Nooni Skincare	누니	168609	1
투쿨포스쿨(too cool for school)	투쿨포스쿨	342	1
아이레시피 irecipe jp	아이레시피	66612	1
OFRAME.by raf	오프레임	153893	1
BJJ Fanatics Online Store	파나틱스	164401	1
아티드 ATD	아티드	40973	1
Meunder - 미언더	미언더	156963	1
sheen_seoul.ss	서울시	414	1
피클플러스 PicklePlus	피클플러스	108460	1
Objet by Kundal	쿤달	694	1
flow.jeans	플로우	57712	1
Emma Mattress - 엠마 매트리스	Emma	34019	1
Nesh 네쉬	네쉬	3841	1
아파트멘터리 Apartmentary	아파트멘터리	42051	1
셀로딘-celodin	셀로딘	155076	1
웅진 스마트올	웅진	686	1
차일드라이프 with 온누리스토어	온누리스토어	64497	1
Travelling summer	트래블링	50306	1
윌슨 테니스	윌슨	62416	1
sigongsa_books	시공사 출판사	156190	1
TRUU 童	TRUU	97333	1
맛집 레뷰	레뷰	130726	1
Evercell 에버셀	에버셀	118262	1
