branded_page_name,count
P.CALM_Official,168
P.calm.kr,158
비나앤코,148
The미식,139
청월당,107
뚜누,106
Dîdaofficial,102
CJ제일제당,97
Likethix,94
네이버플러스 스토어,76
Standry,73
EESY LIFE,68
도치맘정보방,67
모유실감,66
Guîltîpofficial,62
온플로,61
Redîettofficial,60
Blanc Nature,59
BEST 향기 품절템,58
billboardsong,55
디스커버리익스페디션 키즈,54
Bronte - Your Daily Life Curator,54
러브유,53
사이클 해커스2,49
JOSEPH&STACEY,48
더마젼시,48
Cocodor_diffuser,47
Piev.official,46
Quash,45
Bebe Holding Company Inc.,45
Kurved,44
프로틴방앗간,43
파란구름,42
Laorganic_official,42
인생템 저장소,41
뷰티MD가 알려주는 꿀템,38
AliExpress,38
그로우랩,38
PERVADO.official,38
GeorgeTown by Miltec,38
몽다다페이지,38
Ääsäbi,37
더마클리닉,35
Osmo Kr,34
Smartmade,34
Meshy,33
로우포인트,33
하르나르,31
션리shionle,31
Ddäyy,31
B. by Banila 비바이바닐라,30
Mayyoungofficial,30
아이니웨딩,30
Marketkurly,30
신박한 꿀템탐구,30
Hugbear,29
Style Magazine,28
피부연구소,28
갓바디,28
Sungboon Editor US,28
Naaamyuuu,28
키클래오042,27
꿀템 할인 정보,27
무브핏,27
디자인밀 - Designmeal,27
Sailors,26
Zeropop.daily,26
an_tur_solais,26
Sleep Cozcoz,26
리빙트렌드,26
Cellaheal,26
스파르타클럽 - 미래를 돌파하는 힘,26
찰랑이는머릿결,26
펫펍,25
에이지이엔티,25
HEMAK,25
블루지 bluezy,25
링티제로,24
히노티 Hinotea,24
사소시각,24
요즘웨딩,24
디어테일,23
Nao Now Mentoring,23
Duvetica Korea 듀베티카코리아,23
론네바이론,23
패션 라이프스타일,23
Shoptemu,23
옹기종기,23
당근비즈니스,22
Dr.Melaxin.K,22
클렌하임,22
그라노벨로,22
세상에서 가장 가벼운 프로틴바,21
유쓰,21
Dearcus,21
퍼니쇼,21
디스턴싱 distancing,21
SARTU,20
moét,20
캐츠,20
K화잘먹뷰티,20
운동 꿀템 다 알려줌,20
Namdaemunjw,20
Absobiotech,19
피카비 peekaby,19
보바vova,19
카미노,19
어프로치 서울,19
설악막국수춘천닭갈비,19
duit,19
윗유 witu,17
후디스,17
Lin.Avenue,17
nothing.edo,17
스타 법무법인,17
Marshique,16
OMAMI.Official,16
추천해 주는 공주님,16
Cukies,16
Emkm_으음키임,16
민현석,16
리셀바이,16
쿠진 coozin,16
sleepnsleep_official_,16
Theorth,16
코멘트,16
Pixel_kor,16
Ninjakitchen.kr,15
LAYER 레이어,15
Negative Split Club,15
Bodiora,15
라쿠텐 트래블 - Rakuten Travel,15
Oable 오어블,15
풀라이트FULLight,15
유폰 (Uphone),15
인생 아이템,15
クオリティファースト （Quality 1st ）,15
운세위키,15
무무키,15
SOOO,15
프롬투미 Fromtome,15
Hey Greeny,14
_mimichance,14
힘콩의재미어트,14
링크로,14
먹또먹,14
꿀팁 저장소 ,14
MEDI IN LAB,14
오래오래 건강하게 오건,14
추λΓ己6,14
Papstars,14
Meta for Business,14
트러스티푸드,14
모렛 Molette,14
Suno,13
케쌤영어,13
아임반,13
"여행의 기준점, 브라이튼몰",13
Monpeach.,13
플랜핏,13
라보 AMH 검사 서비스,13
카카오풋앤바디,13
베몽테스 Vemontes,13
맛있는아침식사,13
오로라렌즈,13
TeddyTales Korea,13
hugvone_kr,13
HundoP,13
YDY Nutrition,13
밀리옹 Milliong Seoul,13
꿀템 소개소,13
Papfashion,13
161 Mall,13
Hamit.to.gether,13
purepot_official,12
bulbum,12
알까기 샤브칼국수,12
해플리 haply,12
Fonewlev,12
뉴스,12
Whoyouare_________,12
이너마음 비즈니스 페이지,12
ClayShop 클레이샵,12
10년이 지나도 똑같은,12
Sweetch,12
드립 drrip,12
마이노멀 : 건강함의 새로운 기준,12
살림고수 추천템,12
플로에 PLOE,12
Everben,12
리프톨로지 Liftology,12
pinkwonder_official,12
Glysid,11
굿즈랩스튜디오,11
Abhplus.official,11
유리피부,11
토비 Tobby,11
신상 리뷰,11
아마겟돈 'AMA GET DON',11
탑헬스_official,11
프루티드 prooted,11
AI Photo&Video,11
언니가 사봤다,11
Chorokk,11
Pantene Korea,11
숨37º,11
Celebtok 셀럽톡,10
Airluv,10
akitz_crew,10
BBOM,10
"취향이 깃든 공간을 만들어 가는 즐거움, 무브먼트랩",10
Damchilock,10
Leivy_kr,10
딩동펫,10
𝖘𝖙𝖊𝖊𝖑 𝖜𝖗𝖎𝖘𝖙,10
Moonshotkorea,10
스터디파이,10
민감피부연구소,10
Puripia,10
beavers_ski_,10
여드름 꿀팁모음.zip,10
Houseboy_Official,10
삶의질 상승템,10
Renew-Phy,10
Deals_Lover,10
슈퍼포우,10
언니가 필요할 때,10
proles.1,10
Heallish,10
지식 위성 SAT. Knowledge ,10
Teammint VN Careers,9
라라스마일,9
Thehairpick,9
For is,9
더블틴,9
습관연구소,9
하림라면,9
Maryhouse,9
플랜코리아 Plan International Korea,9
미마 코리아,9
혁명티슈,9
olicell_official,9
다노날,9
AlphäCD,9
LUOES COSMETICS,9
Pair chocolate 커플초콜릿,9
아닐로x올리브영,9
순환연구소,9
바인허브,9
옵티마 웰니스 뮤지엄,9
Petomamanshop,9
tigermorningshot,9
Overlaps.official,9
연애하고싶다면 따라해,9
Akitzcrew,9
Larosée Korea,9
오제끄Oseque,9
VINA & Co.,9
Thermard,9
차르르,9
클렌오  Clen O,9
GATSBY,9
스파르타 내일배움,9
도파미너,8
dailyyam,8
CURE,8
Otoki daily,8
needsome_official,8
20대 뭐 하지?,8
이사대학 Move University,8
BackerKit,8
"궁금할 땐, 아하",8
Aelfric Eden,8
예뻐지는 레시피,8
Tielacosmetics.kr,8
핫이슈 issǔe 투데이,8
피부연구방,8
Anaconda_innerwear,8
Slimfit,8
그린핑거-greenfinger,8
takemind_official,8
현대백화점문화센터,8
WiseMeal,8
Amazing Victoria,8
언니의 노하우,8
소소한 습관,8
TIGHT 사주,8
라뮤즈,8
Glowsh,8
삭스업 SOCKS UP,8
Calypso 칼립소,8
Oganacellskin Korea,8
Blancdiva,8
Myegglife,8
슈링크홈,8
구강리뷰 다이어리,8
마마캣 - mamacat,8
몰든,8
퓨어레비,8
Red Brick House,8
Formulain,8
업노멀,8
aeit.official,8
슬림라이프,8
모무 MOMU,8
Buzztravelerskorea,7
캄올,7
러닝라이프,7
wooa_ps,7
사이언솔,7
비즈업클래스,7
코르딕스1,7
95_problem,7
VOYE,7
Samsung,7
해브어 have a ___.,7
Urban Busters,7
글루프레소,7
Innerflora,7
Siore,7
DrJart,7
Knockcomma,7
르 네오로 - Le Neoro,7
속고민상담실,7
수도권 데이트코스,7
Hurease 휴리즈,7
티로 tiro,7
주식회사 바오,7
라이크 디스 - Like This,7
코주부클래스,7
언니의 숨은 꿀템,7
Dailymorning,7
killlorie,7
Ortte 오르뜨,7
nomorethan.1,7
DECET WOMEN,7
더블유비스킨,7
반려견의 일상,7
한국디지털컨버전스협회,7
트마,7
동안연구소,7
BCML,7
POLED,7
Cnewlab_씨뉴랩,7
코슬리 koselig,7
YJ Company,6
Realcumin,6
헤어나올 수 없는 꿀팁,6
러디브 Shop,6
GU（ジーユー）,6
슬기로운피부생활,6
Antures - 앤처스,6
_k.sun__,6
고운쌤 ｜정책자금 • 절세 • 사업자 컨설던트 ,6
hahhaya_modern,6
Wox_korea,6
ALO Wellness Club,6
Beauty for you,6
테일룸,6
오늘의 살림꿀팁,6
마로의 클린푸드,6
Tinkerbell1904.official,6
kclubcokr 250718,6
Oulukorea,6
I-hi,6
다이어터의 삶s,6
LUTH,6
Herstellerbeauty,6
데일리코드,6
어라운드앤 - around ann,6
Arpe korea,6
셀비전 cellvision,6
편한가,6
바운더리서울,6
대장사랑,6
데이니스 Dayness,6
kindski.zip,6
Megabyte School - 커리어를 시작하는 가장 빠른 길,6
Pimadaziwin,6
Dberno,6
Peeven,6
Lesstopy,6
Love.review,6
Milliens.official,6
단 스튜디오,6
Lymday,6
로댄티,6
Didaofficiᶏl,6
꿀팁로그,6
이가닉스,6
SK-II,6
Mild_market,6
Nubes,6
Nuttybutty 너티버티,6
Beauty wow,6
위버스마인드,6
요미몬,6
밸런스플레이,6
뽀시래기,6
배상면주가,6
Anerisy,6
팀밸,6
매틱플락,6
꿀팁알려주는여자,6
dr.althea_clean,6
모몽,6
Deodrix 데오드릭스,6
블랙크러쉬,6
Revḙnipîofficial,6
ODER,6
패션치트키,6
그립뱅크 마케팅,5
젬베베,5
오프아워,5
미오데칼코마니,5
Lilu,5
신지모루lab,5
내 피부과 의사의 휴가,5
프리우먼 Free Woman,5
마지아룩,5
인피테,5
오통닭,5
트루쿡,5
마이템즈,5
Jellyup 젤리업,5
뭐야이거?,5
홍동비책,5
육아맘 온솔미,5
Debbiemeyer korea,5
애슬러,5
Jejememe,5
Andear,5
Buzztravelersglobal,5
Uglybitesclub,5
HoEn,5
요즘리뷰,5
Renopti - 레놉티,5
이파마스터 - iipamaster,5
omg_electronics,5
닥터리코스메틱,5
haroo__hi,5
mowmmall,5
프렙바이비레디,5
유튜버꿈나무,5
타이탄클래스,5
자이티,5
1204,5
L3xng,5
초월,5
캔코,5
Japaholic Korea,5
Cutem 큐템,5
레무로,5
Terroirbon,5
Wholeblending 홀블렌딩,5
Nowandthanmkt,5
하이마트(Hi-mart),5
비어썸,5
타파웨어 - Tupperware Brands Korea,5
ㄱr벼워질ㄹrl?,5
Healthforbeauty,5
LOHWI,5
칩스서울,5
이블렛,5
에드모어,5
호호에미,5
Mini Recipe 미니레시피,5
도프라이브,5
LST: 한국에서 즐기는 유학생활,5
예뻐ズlㅈΓ,5
오린하우스 야외웨딩 돌잔치 고희연 기업행사,5
언니들의 리뷰모음.zip,5
ELT Cosmetics 이엘티,5
Veramore_official,5
덴라이프,5
건강한범벨이,5
Mens Effect,5
인버브 inverb,5
시니어 클럽,5
주방마녀비법,5
리프팅 연구소,4
REY,4
하우파머시,4
Henell,4
사람인,4
스콜 SKöLL,4
스기약국 일본【공식】,4
Line On Ballet 정은쌤,4
더 나은 내일을 위한 습관,4
와일드캣88,4
위자드조선,4
ByReve,4
아리솜 arisom.,4
해브해드 HAVE HAD,4
Jeong Seo,4
design.review.lab,4
JI9BON.official,4
타임투런 TIME to RUN,4
벨37 풀빌라 펜션,4
팀버핏,4
HALO SHOP 헤일로샵,4
Paid Team Placeholder,4
포인드,4
zone_jam_,4
Wellchop,4
월세는 내친구,4
그레이시티 수원,4
셀럽스픽,4
Jloria,4
160kgk,4
핏트-매일이 가벼워지는 단백질 쉐이크,4
바이탈사인,4
Chinsu_Hot_Sauce_KR,4
로로스키니 숄더릴랙사,4
hairrhythm,4
엄마의 한스푼,4
Glow.B Global,4
Salim jopd,4
Liner Research Assistant,4
Melt halo,4
PUZL,4
이브이메드,4
언니들의 필수템,4
네버두와이-Neverdowhy,4
신라스테이플러스,4
slowlife_lea,4
노에이지 noage,4
프로틴유목민,4
펫바이블,4
펫베오,4
포스처룸,4
Goyohaus,4
VUCA 뷰카,4
토들즈,4
hattke,4
큐마켓,4
NOMOT,4
PAP Magazine,4
ᴍɪᴍɪ 미미,4
Scarkat,4
HEY DUDU,4
좋은경희한의원_보니바이오,4
한국식품상회,4
드실랩,4
Citir,4
에어워크서프,4
아띠베뷰티,4
Egattoc Beauty,4
아늑 호텔 · Anook Hotel,4
Blanc101,4
Mature'ism,4
XP-Pen - KR,4
Gluet.official,4
케이에스인터내셔널,4
조박몰,4
qss_ofcl,4
루시에르,4
Marvelio,4
멀티락,4
하루의공간,4
쥬혜,4
Beauty info,4
리커버,4
Lordloar,4
세상 모든 다이어트 꿀팁,4
Ppeanut,4
블랙샌즈,4
오르비에 ORBIÉ,4
허비쉬 ㅣ HUBBISH,4
Gleglow,4
Tevron,4
fiirn,4
섭컬마켓 subcul market,4
모리,4
MAX AI,4
킹스샴푸,4
Hadana,4
THAWMEofficial,4
헤드스파7,4
foursome.kr,4
올리보,4
간호사의숲,4
Owncolor ,4
스카이원,4
Marvini 마르비니,4
uremind.official,4
Yellow tail - KR,4
Ingan.ai,4
피부고민타파,4
Helinoxwear,4
dypro2025,4
데일리컴퍼니,4
Silky Hug,4
Catalogfashion,4
darak.party,4
"퀄리티즘, TZM",4
shape.our,4
KCP POS+,4
아카라치,4
SNOW,4
뷰니스 Beauness,4
주식회사 에이펙스,4
Xiaoyingviva,4
요즘 다이어트 트렌드,4
Shertz_Korea,4
"일상의 특별함, 코코슈",4
Ooznary.,4
smokinghotvirgin,4
Lakanto Korea,4
플뤼에 PLUIE KOREA,4
Guessunderwear.kr,4
룸페커 (www.roompacker.co.kr),4
아르케,4
멍냥닥터,4
sangwookx_,4
누보펫,4
Trip To Japan,4
Nim Video,4
드샤르에 - De Chareh,4
KKRuM,4
fitson___official,4
위글리,3
Loop,3
로얄오크 프리미엄 하이볼,3
recruit.bdai,3
Dwmall_official,3
BETTERS Official 베럴즈,3
3040을 위한 뷰티꿀팁,3
라이즐,3
Idea2Posts,3
Kupido_movingwear,3
BRKA 브르카,3
드롭드롭드롭 dropdropdrop,3
OFFLO,3
Travelodge Hotels Asia,3
FigureLabs,3
발목 연구소,3
이너마음,3
Nubare,3
세모점: 세상 모든 점집,3
뷰티마이스킨,3
피부과 뷰티,3
Snaps,3
wedding21_mag,3
Morus Korea,3
Nongshimtaekyung,3
동화 디자인보드,3
랭크 - RANK,3
그린로댕,3
Viabélloofficiᶏl,3
건강 센터,3
KOOM Festival,3
패션풀,3
cereshome_official,3
엣드맹 - 그리고et 내일demain,3
papcultures_,3
세븐펫,3
전국 부동산 알려주는 주비서,3
Kcnr.korea,3
Ricórso,3
삼원각,3
아큐탬즈,3
seoro_mamma,3
Aldicom,3
리 어퍼스트로피,3
Grand Josun Jeju - 그랜드 조선 제주,3
Postes,3
株式会社pdc,3
equal_magazine,3
오늘어터,3
Leejeongchul,3
베스트미,3
비피오 BIFIO,3
허프퍼프 huffpuff,3
presolar_official,3
vision__paul,3
Giveaways.com,3
메아리셋,3
Foreun,3
Denlife 덴라이프,3
오늘31 KOREA,3
드웰러,3
Electrolux,3
음양관,3
비헬씨어,3
한국백혈병어린이재단,3
강촌레일파크,3
Bezt,3
페어홈,3
흐름출판,3
한국컴패션,3
Le Paludier de Guérande Korea,3
atelier.faye.perfume,3
탄산오름,3
라인트 Liint,3
Cheersfitlab,3
반려다움,3
"핏에이블, Fitable",3
리상회,3
REVIONrx,3
9thmarket,3
Yourvet,3
Oriena,3
Rejuvenilofficial,3
ETS토플,3
breezm,3
비긴즈,3
오리고 ORIGO,3
정원e샵,3
아론샵,3
MasterPRO Korea,3
Mend Clinic,3
Otod,3
오래오랩 - OraeoLab,3
용감이네집,3
Flinky,3
미지로,3
선곡의 달인 - 추천음악,3
Tipsy Chat,3
디멘트,3
Merrymother,3
alex.jonasse,3
TOEFL,3
Everydaze_korea,3
지갑을열게한것들,3
델타허브 코리아,3
Peteto,3
프라임 커리어 - Prime Career,3
5d5bag,3
كوب قهوة,3
두위씨 dowesee,3
밥스누 - Bobsnu Yakkong,3
머니루트,3
Breezfy,3
Slowlolliofficial,3
갠소,3
에코팩토리,3
꿀팁,3
으라차차활력업,3
PIBU PIBU KOREA,3
나만알고싶은템,3
Honeyplant,3
파이브앤플러스,3
퍼스트클래스 - 하이엔드의 만남보장 매칭,3
Mfrenz,3
랑느,3
쫑부인,3
비오비투어,3
MMTG 문명특급,3
On Brix,3
해피테일즈,3
Celare,3
룩플 Lookple,3
소녀레시피(Girl's recipe),3
검은머리꿀팁,3
Careermizing,3
Baby Boom,3
Beauty korea,3
새벽달,3
빅유니온,3
dearbyme_official,3
והב אותך,3
Biohancer,3
레브슈즈,3
SFE Admin,3
리보핏,3
Ploop brand,3
루미오라,3
힐스파,3
PicklePlus,3
인스타광고,3
Factory Normal - 팩토리 노멀,3
Lucier.korea,3
Hartypet,3
퀸즈 하우스,3
CJ 라이브쇼,3
솝24,3
피지컬가먼츠,3
james_real_english,3
리얼리뷰 모음집,3
rollz_kr,3
EPIK,3
Geekta_official,3
Bomnal&,3
모공 없애고 싶은 사람들,3
Almost blue,3
Fruittella Korea,3
Lacostena Korea,3
Roro11,3
Amazing Victoria Gangnam,3
PADA Ishigakijima,3
아이사랑,3
Dr.ogiderm.official,3
유밀,3
세라픽,3
MZ들의 다이어트,3
낮은코를오또카니,3
kangheecho KPGA,3
yournus_official,3
페넬로페,3
오르노이 ORNOI,3
인생추천템,3
여우들의 비밀정보,3
네츄레메디,3
"가봤어, 태안?",3
베이비스탠다드,3
DK 온라인스토어,3
베트남피크타임,3
88tiger,3
빌라르 VILAR,3
띵들리,3
BAUM,3
정미소,3
나만알고싶은아이템,3
Huggly,3
한솥,3
청담우리몰,3
라인교정센터,3
스킨케어꿀팁,2
세레스홈 event,2
인테리어 꿀템 추전,2
유잼유니버스,2
이즈칸,2
Dr.felis,2
보배마을,2
무작정 따라하기 - 길벗이지톡,2
개수대연구소 디자인,2
데니스홈홈,2
페노비스 Penovis,2
Ames Worldwide,2
필라테스 린 대곡점,2
비비앙 Bibiang,2
Tic Tac Tiles Korea,2
If_a_day,2
Itzon잇존,2
건강정보채널,2
Akiwaii,2
고이장례연구소,2
T1 League of Legends / T1 리그오브레전드,2
서울에서 뭐 하지?,2
베이비페어,2
인천을 즐겨라,2
Nuebetter뉴베러,2
맛잘알다이어터,2
hobini99,2
데이트in서울,2
견생템 저장소,2
라라스테이션,2
대구 국제 주류&칵테일 쇼,2
아이키랩,2
KeeZee.official ,2
kokumsook,2
Patima group,2
길벗스쿨 아이,2
알쓸건강,2
리코하우스 licohouse,2
KT폰교체센터,2
자누아 매트리스,2
INIINI.global,2
Dspero,2
포그닝,2
MAISON246,2
joocyee_kr,2
4kpop,2
노에트 nauet ,2
forme_rr1,2
Shop korea,2
Kanying-VA,2
Queen.never.gomin,2
페어플레이,2
Arédaoofficial,2
NEST of Canada-네스트오브캐나다,2
돈버는영어,2
네이처빌,2
이옌,2
펫팅,2
포노 부오노,2
마지시모 Majisimo,2
닥터빼,2
이서정,2
잘밤,2
운세저장소,2
kizik korea,2
뷰티셀럽,2
Magikan,2
팁텔러,2
민아름,2
lovee_sson,2
slow afternoon,2
siso.nail.lash,2
이너생각,2
딜리얼 Deliel,2
MuscleKorea,2
INKO 잉코,2
Sandric - 샌드릭,2
comport.neverstop,2
오어스 Oearth,2
이건사야돼,2
Yibi,2
인베이더스쿨,2
Zengenetics,2
Renneny,2
Eind,2
Akitz_pro,2
아틀리에 933',2
내돈내산꿀템,2
브리든 Breeden,2
recellby.1,2
Biodrone,2
스무아디 sumuadi,2
데일리 뷰티 꿀팁,2
솔닥,2
26초 : 초고속 단어 암기 앱,2
로켓츠 아이스하키,2
QRANG 큐랑,2
Axon.AI,2
Wiredcompany,2
네네린도,2
dueundl,2
Fairliar,2
헤이미쉬홈,2
구온 GUON,2
혀니,2
캘리쌤 영어 ,2
tegamisha_korea,2
Anaforyou.kr,2
소스링크 Saucelink,2
한국도로교통공단,2
마이오헤어,2
Roem로엠,2
리세스랩,2
Joo Hee Jeon,2
Nominical,2
Doddl Korea,2
하루반,2
큐쓰qss,2
미라클,2
Coralique,2
Grand Josun Busan - 그랜드 조선 부산,2
트립톡,2
5_hany,2
소소집,2
Finj,2
슬로우오션,2
보탬고주파,2
지학사 엄빠공감,2
BEOKA.korea,2
adeva,2
The Amall,2
라끄본 Lacbon,2
N.PRIME 엔프라임,2
교원그룹,2
Cosmodive,2
위글랜,2
바른식방,2
Featuring,2
멘탈탄탄,2
સ브템찾았어,2
Eulji Lewis 을지루이스,2
프로텍트어베드,2
Sundayplanet47,2
XOX,2
발머스한의원-강남,2
DECET,2
지노키오,2
Serin with,2
베옹오피셜,2
할인 그 루트,2
Psiquiatria Injetável,2
12EST,2
판티오,2
Lecomme,2
Galon,2
미래홍삼_키즈,2
누오 NUO,2
Chukha,2
베베쥬,2
Equal:ogy,2
Ou_official,2
리얼스피킹,2
Burningit.official,2
Yomeblog,2
AIVideo004,2
리틀도르,2
유능한 사건파일,2
오늘의핫플,2
behey_kids,2
AIVideo005,2
current__r,2
HEVVY,2
Dίḙṫ sanṫé,2
JAPAN RAIL CLUB,2
잉녕,2
_k_jixxy,2
씨에프,2
블랙퍼플,2
jinny_spectrum,2
블랑쉬,2
Nusense,2
바이탈쉴드,2
파라마운트,2
BRIZL,2
cozycozy.com,2
포라 Phora,2
토이미소,2
바노바기코스메틱/banobagicosmetic,2
HERRSAINE 헤르세인,2
Maison Repere,2
스튜디오몰입,2
데일리뷰티,2
PAPER POP,2
肉汁水餃子 餃包 六本木交差点,2
크리스천데이트,2
나들이음,2
rhombuslab,2
Noise store,2
DUSTE,2
큐빅스전자,2
Passer - 파세르,2
치카프렌즈,2
카페in수원용인,2
호갱노노,2
통증파괴자,2
드브르베,2
Fridayseven,2
Boochidany,2
kikozy,2
신비한 과자가게,2
latte_beaver,2
퓨리나,2
현명ㅎrヱ 건강ㅎŁ 일バ6,2
에스터브룩 코리아 - Esterbrook Korea,2
MERCI ANNE S,2
어반드,2
보충제업업,2
텍사스바베큐캠핑 향남점,2
닥터리코,2
moncrosssafety,2
위위먼데이,2
녹기 전에,2
빌드.biild,2
Tterian,2
Summerholic,2
Monplisse,2
正確姿勢,2
핀사미 코리아,2
글램핑,2
Cristelkorea,2
Beautytrend,2
공부꿀템,2
더홀릭고척점,2
ZEROGRAM_official,2
Lin.ave.nue,2
에르고파우치,2
루디크,2
cloudemotion,2
Istoria app,2
유어너스,2
새종로약국-newjongropharmacy,2
XTUFF,2
lubian.kr,2
비키비키,2
Dogjee-도우지,2
Healtheday 힐더데이,2
글로우 다이어리 - Glow Diary,2
Insta,2
베지톨로지,2
리쥬덱스,2
동남아언니,2
에끌무아 éclmoi,2
2025 리:바운드 축제,2
백억언니,2
eyesmag,2
"쇼핑은 그대로 적립은 추가로,칩스",2
Mozilab,2
홀리인코드,2
IONTO COMED ASIA,2
뼈말라성공,2
ceramique_global,2
Hil.korea,2
프리미엄 출산&육아용품 모윰,2
金品茶語 King Ping Cha Yu,2
Amazingcre ,2
My homesick,2
Hhjbeauty.official,2
AZH,2
바이오드롭 - Bio drop,2
힐스펫 뉴트리션,2
클레드엣-Cledeet,2
Hyshelpyourself,2
ALDO Korea,2
파스텔 야돔 코리아,2
Mayiflower_stationery,2
Neoparking 네오파킹,2
Papahome STORE,2
우아성형외과,2
Alcon_vc_official,2
Davydiffuser,2
필요약,2
끌리메뷰티,2
쿠비엔,2
건강정보통,2
연모비 YeonmoVi,2
Sopoom79 Shop,2
글월 Letter Service & Shop,2
TUTU Ballet Academy,2
KT 모바일퓨처리스트,2
Dumaro,2
W컨셉,2
Mistake Project,2
헤르몬,2
Loeny.,2
Flowoom,2
BodyRise,2
루솜,2
Moblḙoofficial,2
아름다운 일상,2
생활백서 - 생활용품의 모든 것,2
QR official,2
celq:ne,2
진중 우육면관,2
피부미백학과,2
꿀때기곱창,2
본투비딜리셔스,2
라플리,2
Cosmemag,2
Beiskin,2
동안피부 꿀팁공유,2
선망 sunmanc,2
셀럽시크릿 비포앤애프터바이오,2
라크네 LAKNE,2
AIVideo003,2
"그여자의식탁,다겸이가구",2
Bausch + Lomb,2
LemÖÖn,2
Ohandki,2
아녹 - anok,2
다온맘,2
상상초월 고단백 크런치,2
JDQKR,2
ZZUP,2
go_ddg,2
포레스트북스,2
Aequwa,2
katie_you0402,2
마로셀_Marocell,2
캔디페이,2
부마켓,2
진심을다한 마사지&스파,2
팩케이크 packcake,2
DIV,2
m_lab2022,2
Kipling,2
아이버에서 만난 케이스,2
삼천리스포츠단,2
LXT,2
Shakawear_kr,2
토마스마블,2
바우어파인트코리아,2
데일리리본,2
roain.kr,2
코코네일아울렛,2
Pluffy archive,2
가까 GAGGA,2
일루마 골든드롭 3,2
언니패션템,2
Dwmallofficial,2
할인,2
나이스정보통신,2
구보즈,2
주식회사 장르,2
Uncode,2
아이배냇,2
Ate It.,2
thing_1022,2
컵오브티 매거진,2
FORMOD_Official,2
Vabeauty.official,2
미와수,2
생활꿀팁,2
Provence magazine,2
채심당,2
limdandy,2
세레스홈,2
Timix,2
두드림몰,2
인투니 iniini,2
파흐탱,2
H-온드림 스타트업 그라운드,2
워킹맘모여라,2
Myu,2
Guess_Korea,2
코지키즈,2
땡겨요,2
Valencia 발렌시아,2
Welll.Heath,2
Inner Circle,2
코튼플레이,2
UMS,2
Manspick,2
Zerorice,2
이로아 비타민,2
ʙᴇʙᴇʟᴜᴀ 베베루아,2
eah_flash,2
오가닉 베이비 스킨케어,2
Beauty LIVE,2
프루떼,2
Dimitri 'Vegas' Thivaios,2
Humbot,2
맛있는 소식,2
nurex114,2
미나그램,2
뷰티꿀팁,2
글리머블,2
Naisture,2
라사라 패션아카데미,2
예고입시닷컴,2
악성피부연구소,2
Moonblue ink co,2
조아맘,2
밸런스패치:Balancepatch,2
delascent.co.kr,2
Ala Moana Center,2
슬로기,2
더 한방울,2
TapNow,2
hanstriderunning,1
leewooyeols,1
사주신당,1
BREVA,1
베베그로우,1
"요즘 대외활동/공모전의 모든 것, 요즘것들",1
MILEZ,1
Madcattos Country Club,1
Kivit,1
I_like_this,1
Nowk 녹,1
Philippine Airlines,1
달숌,1
gymflix_seosin,1
neymossam,1
존글렌,1
"광주,전라 유튜버들의 모임",1
MARU180 / MARU360,1
윌라스토리,1
국립부산국악원 Busan National Gugak Center,1
오닝바이브,1
힘થ근원,1
브랜딩 정보 올라온다,1
uanext.performance.lab,1
아베다 코리아 Aveda Korea Market,1
20th Century Studios (KR),1
프롬잇fromeat,1
ipsae_raw,1
Art-painter,1
pickby,1
Korea Foundation-한국국제교류재단,1
노못 - nomot,1
MBC HRD center - for ads,1
Anpanmankr,1
다이어트디저트,1
핫템꿀단지,1
세상모든면요리엔-100%메밀면-세모면,1
All_hiphop,1
쿠키약국,1
양키캔들 코리아,1
LOTTE Gallery 롯데갤러리,1
Tomost,1
일본어무작정따라하기,1
만나다컬러,1
Wellnessgirl12,1
Auvergne-Rhône-Alpes Tourisme,1
Soyatable,1
Deloitte,1
flexwork,1
용인 성남 광주를 즐겨라,1
KnoCommerce,1
벤티플렉서코리아,1
Glute Slide,1
메디폴미 Mediforme,1
Moreden2,1
Vie Pratique,1
당신은 행운아,1
신농작소,1
프레피펫 - Preppy Pet,1
플라레세타 Plareceta,1
돌비웨이,1
weekus.kr,1
아σΙ 건강 매거진,1
Jangbagooni,1
Soonding,1
갓성비마트,1
solarium.object.house,1
카페in대구,1
요즘 트렌드,1
마이유럽,1
weatt_official,1
uniqlo_kids_baby_kr,1
Bauato,1
giemarseoul,1
Offlow.makeup,1
New World Hoiana Beach Resort,1
jecheongha,1
havenee_official,1
플랫퍼,1
헬씨몽드 Healthy Monde,1
크리플래닛,1
엑사브라,1
뉴밋 newmeet,1
DBpia - 디비피아,1
티엘씨,1
0.8L,1
Demimood,1
barabom_color,1
welcomesiyoon,1
Creatiai gen,1
노루페인트,1
dalbmong,1
독보남_dokbonam,1
CJ햇반,1
코리안헤라클레스 이용승,1
IManagement,1
Denby Korea,1
ahro,1
Saltandchocolate,1
Secretink_portfolio,1
리옐,1
수면 아카이브,1
여백 워크스페이스&스터디카페,1
더픽트,1
시원스쿨랩 어학원,1
오뉴이,1
아이비클래스,1
Baejita page,1
그레터스,1
뷰드 vude,1
브링더홈,1
Hanscoaching / 한스코칭,1
Super00market,1
Indiba Asia,1
마담래쉬 Madame Lash,1
사주마을,1
fromjin__official,1
꿀팁 저장소,1
Emmafy,1
꿀팁주는언니,1
CERNI,1
Piepii,1
올리브갤러리,1
핏온유,1
관리해야 이뻐지지,1
Ram's Home,1
LLS-Life Less Serious,1
can_yuri_,1
"감각적인 무드, 언포인트",1
초이락샵 공식스토어,1
진효조,1
ybmbooks,1
oggitt.com,1
코코넛트래블,1
젠투테이블,1
에드엔마이너스,1
Pith 피쓰,1
Readdy AI Website Builder,1
kimjuuone,1
Haumstyle,1
nurfit_official,1
바디라인연구소  ,1
개인,1
zip.mag,1
맘솔브,1
올오브유 all of you,1
설레짐,1
Gymflix Peace,1
용감쓰,1
jjjji___hye,1
Ottocast.kr,1
Youngwonhee,1
가구톡세상,1
Hansol.shin,1
비네이쳐스,1
Monday Cereal,1
NUCU,1
보자기카드-마음 담은 청첩장,1
NBA 덩크 시티,1
KABINE,1
웰빙연구소,1
리츠 RITZ,1
HEODE,1
Damoamag,1
FIFTY FIFTY,1
캣마트,1
오바이오틱스,1
sansuyuram,1
그린테크라이프,1
닥터바지오 Dr.BBagio,1
제이준코스메틱- JayjunCosmetic,1
티켓투더문,1
마제스탠드,1
뷰티상식,1
Double Lovers,1
클라리스트,1
리얼하이볼,1
오투가구,1
김몽키,1
하우투러브미,1
태초 taecho,1
키체스,1
hanna_afri,1
Mooming 무밍,1
Anotherhand,1
Page for Ads,1
인천문화재단,1
둠벅doombug,1
kangunhwa,1
Doch - 도흐,1
던업,1
할인계,1
플리다스,1
SmallStuff,1
LVDWY 러브듀이,1
Shurink home,1
Lucier.athletic,1
플롱트,1
비슈누,1
Jloria m page,1
요즘 언니핏,1
휙서울,1
뷰티밤스킨,1
발효공방1991,1
컴피백,1
Foodmaster,1
Ravrac,1
블러핏_blurfit,1
파이토리진,1
에슬 essl,1
MILL korea,1
Phytover,1
balbal_trip,1
Norm-or,1
픽크닉 Picknic,1
torso_for_men,1
말콤-Malcom,1
잡코리아,1
룩먼,1
Nurihaus,1
이지엔6,1
saniti.kr,1
Artwork,1
Lifting Labs,1
맘트리,1
어비즈,1
Misuabarbe the knitmaker,1
어커스텀,1
Innoant,1
IWOKE,1
홈스타일링 및 제품 리뷰,1
휘휘,1
AI Video Studio,1
커먼프레임,1
시드니면세점,1
운동하는 작업치료사 • 나린₊·,1
몽뜨허브,1
더리터,1
Come out and play,1
ZVZO,1
Livinghue,1
9.81 PARK,1
Fastpapermag,1
Just like j,1
솔랄라,1
YUPPE,1
Studypie,1
yoojinwish,1
PAP Beauty,1
세시드 - Cecith,1
flatper_official,1
사주로그,1
Fancy media,1
Untitled.made,1
잉크앤페더-inknfeather,1
kumssi_family,1
서울을 즐겨라,1
n.beai,1
NAFIK.official,1
Lonque,1
Ourcovers.korea,1
금성침대,1
식이해법연구소,1
헤리티지 플레이트,1
thehechyeomoyeomagazine,1
이이엘댄스,1
아우라픽,1
Maresup,1
군살정리 비법,1
Sharkhome.kr,1
매니패스트 manyfast,1
키네메디칼,1
아뜰리에 서라운드,1
앨짱의 여행과 육아이야기,1
수학교재연구소,1
Soyu Magazine,1
뷰티매거진,1
비기캐리어,1
OraeoLab - Global,1
Tatli,1
자기관리 Lv.100,1
오늘의 트렌드,1
Bloomingtalestudio,1
i-dle 아이들,1
업비트,1
스파이더 코리아 - Spyder Korea,1
The Heart Leader Podcast,1
지름신,1
s2mina,1
루패밀리대빵,1
div-liv.com,1
포포 PC방,1
이슈슈슉,1
Homeliving,1
마미그래 Mommygreat,1
Postream,1
LE BOUND,1
살롱드레터 모바일청첩장,1
얼리페이,1
홍콩스냅 글린트그라피,1
덴티플 Dentiple,1
CU 씨유,1
인히어,1
도깨비만물상점,1
디깅수원,1
Smartrip,1
SHARE X,1
모공 줄이는법,1
dream_high_ap,1
VERAMORE,1
온유어마크,1
에데닉 쇼핑몰,1
스토리너스 - storinus,1
"자체제작, 하이퀄리티 전문 남성 슈즈 쇼핑몰 '오오룩'",1
LIT - 릿,1
플로우이너뷰티,1
젠님,1
gangnam1000mi_official,1
모모케이,1
pixpics.io,1
cake_insider,1
Gymflix19,1
Keep in Touch Makeup 키핀터치메이크업,1
뉴니크,1
명료함 팬 페이지,1
STOD,1
리꼬르소,1
이상한 과자 가게 전천당,1
IKEA 이케아,1
프로핏 코스메틱,1
플릿,1
패디펫,1
오늘의 꿀팁,1
더미스,1
Motomont,1
elena___mj,1
Yunho Park -Yuno,1
Uniqlo Korea 유니클로,1
짐포유율량점,1
강남피부커뮤니티,1
Lots,1
LikkGolf,1
 프리퀀터 코리아,1
Deracell,1
ERER,1
꿀팁정보특공대,1
L'H.A.S,1
Coffee Guy,1
스브스뉴스,1
헬스매거진 용에디터,1
cro_house__,1
문뽕뷰티,1
Lazy.z_official,1
친환경포장박스,1
Soliday,1
북스톤,1
Mode-r,1
yoonina_official,1
브릴랑미 Brillant Mi,1
Biterm,1
운동은내일로,1
라다미노,1
Macrene Actives,1
공간디자인페어,1
현대차 정몽구 재단,1
테라카니스,1
LuaRén,1
Dragon Siege,1
Touche 뚜쉐,1
나락서점,1
Y존건강꿀팁,1
뮤즈인미,1
째깍악어,1
코린별,1
Paiged,1
Tati Coffice,1
돈버는일본어,1
Olio Oliva,1
어글리어스,1
언니들의 ㅅㄹ꿀팁,1
오티아 O.tea,1
소이프롬,1
루시에르 LUCIER,1
센트올,1
요즘엄마의 육아팁,1
은빌리버블,1
bodume,1
초딩맘 정보 공유,1
핫플지도,1
RER.office,1
Bubblee,1
오늘의 꿀템,1
DAN studio,1
올바름,1
geoje_story,1
Movlabs,1
어센더,1
건강지식백과,1
악취없는 삶,1
Kangdan,1
Timeoff.club,1
일산 파주 김포 맛집,1
Posca Korea. 포스카,1
Lucier,1
빠델,1
yeowoorak,1
Linkpie,1
발레핏 정은쌤,1
dooring_official,1
스타스케이프 풀빌라,1
1epick,1
변정수 pyeonjungsu,1
Rock N Run 락앤런,1
로트리(lotree),1
강집사,1
원알엠1rm,1
속편안상점,1
고고다이노,1
너츠굿,1
좌현,1
Second salt,1
Stgh,1
Caviar Master,1
Tips Archive,1
후니투어,1
NOWDA 나우다,1
Kitsch,1
웨이브스튜디오라이브,1
Stikivoca,1
퍼스트미트- Firstmeat,1
페렌들리,1
Darakwon_japanese,1
Vingle,1
메시아컬쳐스튜디오-Messiah CultureStudio,1
세벨리아,1
uzee_h,1
쿠차라,1
Hans style hanna,1
doraemon_kr_official,1
design_artty_k,1
Ohayofriends,1
"Muse, 스타일온미",1
아넬라,1
ss___o1,1
오가닉그라운드,1
국립현대미술관문화재단,1
1w1p,1
Van Leeuwen Ice Cream,1
Staubzwilling,1
이퀄비,1
Sleeslee,1
DIA Clinic JP,1
Mublic korea,1
마켓햇담,1
chorokk,1
이너플로,1
팔도보감,1
깨알수다방,1
Maisongladjeju - 메종글래드제주,1
KUNAsoycafe,1
에이텐코리아,1
두대표,1
Ournostalgia.kr,1
문한빈,1
내 와이 찾기 Find My Why,1
Cloudemotion,1
문오피스,1
아르시에,1
Rrace,1
AI 꿀팁 모음,1
바르맘,1
맛집in수원용인,1
이사대학,1
musicspinning_no.1,1
강남다이어트여신,1
고3로그,1
RedteaGO,1
베이비벨,1
hugenest_paper,1
owc_yoon,1
엠엠즈,1
mandesalon_korea.univ,1
The Sool Company Korea,1
온세상공쥬들다모여,1
nimbel.kr,1
Saenggwabang,1
Botanix,1
V.LIF Hospital,1
바이탈뷰티샵,1
건강한 언니들 꿀템,1
지호한방삼계탕,1
부블릭 bublik,1
노셀코지,1
Miffy Korea,1
다이어트 꿀팁,1
에이홉 ahope,1
소심한호랑이,1
Mercuri Digitalmed,1
포즈앤펍,1
노캡디자인,1
Misekiseoulmen,1
my_moadesign,1
뿜뿜 인플루언서,1
Imperial Age,1
에이치,1
Levrence.skin,1
SANUE,1
탈모탈출,1
allsu_777,1
슬림플래닛,1
관યથ비법,1
오라카이 대학로 호텔 Orakai Daehakro Hotel,1
Igor Tulchinsky,1
Ceraon,1
cahuh_,1
Ollocdampharmacy,1
Münikund,1
꿀템 저장소,1
ordinarypeople,1
jinjuhyung_,1
포켓몬코리아,1
D'Alba Germany,1
Pl.leaveme,1
Glossy Seoul,1
유기리니,1
콜리에슈피,1
Jinnyyoon,1
⋌ㅏ줘ગ거,1
accept_n_remake,1
뉴트리메이드,1
씨에프엔,1
minumsa_books,1
sons.spirit,1
뮤토웨어,1
무니토,1
Elraviecos,1
exhibition_artewith,1
Cafe wepla,1
Chaewun,1
VivaVideo Editor,1
winti 윈티,1
광주아트패스,1
윈불,1
DEIG,1
디자이너 빈,1
Not New,1
briskin,1
하위나이트 스포츠 - Hauynite Sports,1
제주푸드앤와인페스티벌 - Jeju Food & Wine Festival,1
브루젠,1
Lostmanagementcities,1
Tio de santabarbara,1
롭스칼프,1
manbliss_,1
위메이크페인팅,1
노렌,1
프리티 모바일,1
jay_day____,1
Goodbeauty26,1
아이돌 이슈,1
niceghostclub,1
스포츠 사이언스 랩,1
루메온,1
달씨 darcie,1
신스바이오,1
PADA Miyakojima,1
HIX.AI.,1
이태기리,1
실시간 서울,1
hoont_official,1
스위치온,1
펫긱 Petgeek,1
Global 6K for Water Korea,1
Hanspharma,1
siminbakery_hyoja,1
제이앤제이슨,1
나뚜라하우스,1
Lumare,1
Finitree,1
Aha studio.ID,1
SkinStandard,1
주니공간,1
콩알이네,1
마이메르시 치과위생사,1
fxIP,1
펫초이스 petchoice,1
러브라이너,1
박한별 / Byeol,1
카밍의아뜰리에,1
현대차증권,1
Nuub,1
닥터캄 Dr.Calm,1
윤여운,1
AmazingTalker,1
닥터아나,1
팝업in서울,1
MERIDA-Seoul,1
Elloge,1
New 프로벨,1
AIVideo001,1
시유안,1
NoA Internasional,1
Cruv.kr,1
Hokki,1
DUNS Sweden,1
Benuet,1
roxie.pro,1
Witply 윗플리,1
Gorilla Waxing ,1
롯데아울렛,1
tifof,1
monchhichi_official_korea,1
레닉,1
It's routine,1
HIX.AI,1
Wi-on 와이온,1
Rrmmseoul,1
닥터클라우더,1
shop_oveof,1
지학사,1
아이미｜eyeme eyelash,1
르무어,1
Anahata Yoga School,1
한국 가요 임금님,1
러마드-Rumad,1
텍스쳐 - txture,1
뷰스타여니,1
喜界島観光物産協会,1
Resear,1
생럭슈,1
Lia Kim,1
Therabody_kor,1
chul1won,1
비됴클래스,1
X The League,1
케이찹사라다,1
CreamHaus,1
Nareun - 나른,1
nuyis9,1
Mais,1
깔깔부부,1
1분꿀잼썰,1
플라야 PLAYA,1
Flove,1
홈핏 Homefit,1
erty.ceo,1
현대프리미엄아울렛 스페이스원,1
홀트아동복지회,1
Santastudio,1
Treeny,1
화진,1
앤드로스,1
에어르,1
스프레이,1
디트로네,1
The Nockin,1
라이프멘토,1
japan___story,1
tatli.ellie,1
퍼니메이드,1
Giveaways.com.au,1
라이온즈,1
wasabibear.mommy,1
Dino ai kr,1
Liftix,1
위아트,1
2way_income,1
스무살동디,1
fakejournal_official,1
youb_ming_s2,1
맛집in인천부천,1
호텔페어-HotelFair,1
세종시문화관광재단,1
이태리정미소,1
Checoo채윤,1
AETH,1
Me'ning,1
아이오랩스,1
imindacage,1
Weseller,1
묘향가,1
Menasoo_official,1
무강바이오,1
수원 화성 동탄을 즐겨라,1
lovelyco.store,1
Sensual Sleepwear Leading Lifestyle Brand,1
Kerbalive,1
슬림비법상자,1
뷰티맛집,1
누스,1
아신극장,1
Seamonster2016,1
ELROEL.cosmetic.korea,1
yongsennn,1
Smith W,1
홀리카 홀리카 2,1
비벗,1
re.quentin,1
Wander Global,1
Disurge,1
studioorieus_w,1
탈모는타이밍,1
프로그,1
핑크존,1
Dosi.manual,1
yeseul_w,1
쇼파1975 힐링베이스,1
leblanc.lc_official,1
엘랑코 My Pet & I,1
Re:Brush,1
Mayreve.kr,1
덕화명란,1
unimasion,1
blubanoffical,1
Pilket 필켓,1
트리플피트니스,1
ssosijiyo_bbak,1
꿀팁춥스,1
Tarrytown_official,1
Touchsoul 터치소울,1
토니앤가이 대치점,1
지둥지,1
team_edenbin,1
seoyujae ,1
Leverbe,1
W테라피 종로피부관리,1
발머스한의원,1
LG유니참 펫케어,1
Banaco,1
Re:ssential,1
avanihotel_wedding,1
피부고민있어요?,1
LifeStandard,1
꿈꾸미,1
NUNOK,1
몽키버니,1
베럴라비다,1
gooahyun,1
ssongri_official,1
Carat1984,1
로긴,1
Neargarden - 니어가든,1
에이치다,1
채식주의,1
테루파,1
Fitsleep,1
왓어룩,1
LG 스마트코티지,1
뷰피셜,1
sting925.1,1
Krug,1
Twwcosmetic,1
예뻐지는 개꿀팁,1
Pacdora,1
01년생 다모여,1
옥스포더,1
분자Boonza,1
레브킷,1
girls_recipe_,1
Kynda,1
시크릿에이지,1
Geekom.kr,1
itsnargissa,1
핵꿀템 소개,1
최신리뷰모음,1
아리뷔에,1
Kimchecky,1
Vands Hair Clinic,1
JH the Moment,1
페이스리퍼블릭,1
Eyemua,1
힐이즈,1
이끌림라운지,1
Celladew,1
Resinikaa-2,1
soène 소엔,1
Florescer Holística,1
1507_benefitlounge,1
Kotona.at.home,1
무드샵,1
제주할망밥상,1
Bread Barbershop 브레드 이발소,1
SleepWelly,1
Dimer,1
EIRUA 에이루아,1
Video korea,1
sheen_seoul.ss,1
Salm Clinic,1
복호두,1
Kernel360,1
suti_korea,1
백조씽크,1
PEOZ Guitar,1
렌버블 Lenvable,1
flow.jeans,1
부산집집,1
Lattecream,1
Sim's Perfume,1
잡다하게알려주는신상꿀팁,1
minapark.kr,1
MouMou.Official,1
Đẹp quuá,1
영화의전당,1
에브리원스 ,1
디커빈,1
인룩이벤트,1
"간호학과, 간호사 대나무숲",1
iSharing Soft,1
Eseny,1
Carpuride,1
노티플라이,1
heynathan___,1
마롯,1
tina_english_speaking,1
교육필라테스,1
굿룩,1
K.LYNN 케이린,1
아모레 카운셀러,1
캠핏캠그,1
장사는 건물주다,1
عشاءع,1
ggung_y,1
트루타월 성수,1
크레마클럽,1
peer.club,1
디오프 - DEOFF,1
하이산 Heisan,1
인싸이트 심리검사연구소,1
Dohaus,1
캘릭스,1
Wkndrs_official,1
movieland.archive,1
Pollo AI Video,1
Aida cosmetic,1
PNCOMMA,1
Moderato HENRI,1
만권당,1
Leterie,1
일색더_日色添,1
한성기업(주) since1963,1
yuna_hi_eng,1
페노비스 Pnovis,1
블랑블랙,1
Noblecollectionkorea,1
go_kingduck,1
rihgaguam.korea,1
제작자,1
리뷰,1
E4A Nuttirtion,1
sisoon,1
케끄,1
모먼트어스,1
tonka25.1,1
AediV,1
BEUT,1
오텍캐리어,1
cap_ahnmerica,1
YUZY - 유지,1
academy_page,1
STYLABmullae,1
golf_doha,1
민구,1
Beamme빔미,1
정언천,1
비바브놀,1
Editorial pure,1
벨누크-Bellnuke,1
The Lounge of Slow,1
마리끌레르 패션,1
Sixkin,1
부트 BooT,1
연서의 지평선,1
Honeymoon_fair,1
그란데라인 Grande Line,1
Deosinkofficial,1
bonniedami_academy,1
뷰티,1
코덕인생템,1
퀸즈이즈카운티,1
قصة الخفة,1
빈브라더스 - BEAN BROTHERS,1
Crip,1
뷰디토 허니팁,1
뿌쥬아 0301,1
"기록이 몸을 만든다, 번핏",1
Relentless Media,1
not_about_hyob,1
일동생활건강hs,1
종로문화재단,1
나무뜰,1
amode.hyun,1
vivacloset.shop,1
AzforU,1
hoen,1
Hailuo AI Create,1
KT&G 상상마당 시네마,1
명퉤,1
에르띠코리아,1
한미사이언스 프로-캄,1
소소리리,1
lowclub.official,1
너의하루플리,1
아리의 소소콜콜한 일상,1
Coolpick,1
모헤세,1
포른른,1
Haveawhale,1
펫바자,1
Star Wars,1
1등 건강 습관,1
Maisonminoc,1
헤르시,1
비건 빵빵이네,1
TeumgyulOfficial,1
Yybeauty,1
오브오,1
editor_dongwon,1
고고다이노 키즈카페 공식페이지,1
Vestway.Korea,1
PAP Culture,1
Mix&match,1
Da 피부제,1
Exosomore,1
Project mibae,1
Typeservice,1
Gymflix9,1
비욘드그루밍,1
invideo,1
Metabev Korea - 메타베브코리아,1
Tripoai,1
건강연구소,1
Filmora_korea,1
almkopi.kr,1
1_6_9._9,1
Le'studio,1
Sweetu-one,1
high pace,1
더마씨,1
Neulssin_official,1
Hawd,1
Maison de U: 메종드유,1
지포드,1
Doctorfit.official,1
아 넬 루 체 ,1
Mag&black,1
tina_trendy_english_,1
